age,gender,total_purchases,avg_order_value,days_since_last_purchase,membership_level,used_voucher,satisfaction_score,will_return
25,Nữ,1,677000.0,5,Bạc,1,2,0
27,Nam,1,612000.0,1,Đồng,0,3,0
26,Nam,1,595000.0,3,Đồng,0,3,0
21,Nam,1,774000.0,3,Đồng,0,5,0
22,Nam,1,580000.0,3,Đồng,1,5,0
23,Nữ,6,775000.0,7,Đồng,1,5,0
30,Nam,1,597000.0,1,Đồng,0,2,0
30,Nam,2,633000.0,1,Đồng,1,2,0
31,Nam,1,616000.0,2,Đồng,0,3,0
27,Nam,1,573000.0,1,Đồng,1,3,0
26,Nữ,15,1170000.0,8,Kim Cương,1,3,0
30,Nam,1,687000.0,1,Bạc,0,3,0
20,Nam,2,625000.0,2,Đồng,1,3,0
19,Nam,1,683000.0,1,Đồng,0,3,0
29,Nam,4,868000.0,7,Vàng,0,2,0
30,Nam,1,716000.0,2,Đồng,1,5,0
20,Nữ,1,684000.0,1,Đồng,1,2,0
22,Nam,1,669000.0,3,Bạc,1,3,0
23,Nam,1,874000.0,6,Bạc,1,3,0
39,Nữ,4,749000.0,3,Đồng,1,4,0
20,Nam,7,788000.0,7,Bạc,1,3,0
39,Nữ,15,830000.0,6,Vàng,1,2,0
30,Nam,1,659000.0,1,Đồng,0,3,0
21,Nữ,2,631000.0,2,Đồng,1,3,0
32,Nam,1,886000.0,3,Vàng,0,2,0
22,Nữ,1,784000.0,4,Đồng,1,5,0
28,Nam,1,748000.0,6,Bạc,1,4,1
28,Nam,4,694000.0,5,Đồng,0,3,1
36,Nam,1,665000.0,15,Đồng,1,4,1
27,Nữ,3,818000.0,7,Vàng,1,2,1
26,Nam,1,653000.0,9,Đồng,0,3,1
22,Nam,1,771000.0,1,Bạc,1,3,1
46,Nữ,1,727000.0,1,Đồng,1,4,1
30,Nam,2,832000.0,11,Vàng,1,2,1
30,Nữ,1,661000.0,2,Đồng,1,3,1
22,Nam,2,754000.0,2,Đồng,0,2,1
30,Nam,2,655000.0,2,Đồng,0,4,1
22,Nam,1,572000.0,2,Đồng,0,2,1
42,Nam,1,862000.0,4,Vàng,1,2,1
20,Nam,1,627000.0,1,Đồng,0,3,1
38,Nữ,4,1183000.0,4,Kim Cương,1,4,1
33,Nam,1,578000.0,8,Đồng,1,3,1
23,Nữ,7,801000.0,4,Vàng,1,2,1
31,Nữ,1,928000.0,1,Bạc,1,2,1
28,Nam,1,717000.0,4,Đồng,0,3,1
21,Nam,1,658000.0,1,Đồng,1,4,1
23,Nữ,1,709000.0,1,Đồng,1,5,0
27,Nam,7,567000.0,2,Đồng,1,4,1
26,Nam,6,583000.0,10,Đồng,0,5,1
37,Nữ,1,645000.0,3,Đồng,0,5,1
44,Nữ,2,726000.0,2,Đồng,1,5,1
32,Nam,1,610000.0,2,Đồng,0,2,1
20,Nam,1,685000.0,1,Đồng,0,2,0
34,Nữ,15,1029000.0,7,Vàng,1,5,1
28,Nữ,2,573000.0,1,Đồng,1,2,1
25,Nữ,1,791000.0,2,Đồng,1,2,1
29,Nữ,1,619000.0,2,Đồng,1,4,1
28,Nữ,1,750000.0,2,Đồng,0,4,0
39,Nam,1,663000.0,2,Đồng,0,3,1
44,Nữ,1,627000.0,3,Đồng,1,5,1
27,Nữ,1,603000.0,6,Đồng,0,4,1
33,Nữ,9,1139000.0,9,Kim Cương,1,3,1
46,Nam,2,1084000.0,15,Kim Cương,1,4,1
25,Nam,1,881000.0,9,Vàng,0,3,1
41,Nữ,2,1029000.0,1,Vàng,0,4,1
40,Nam,11,1185000.0,9,Kim Cương,1,3,1
30,Nữ,1,633000.0,3,Đồng,1,4,1
24,Nam,1,704000.0,1,Bạc,1,3,0
29,Nam,2,597000.0,2,Đồng,0,2,1
34,Nam,11,1202000.0,8,Kim Cương,1,2,1
31,Nam,1,614000.0,7,Đồng,0,5,1
25,Nữ,1,627000.0,2,Đồng,1,4,1
33,Nữ,1,728000.0,2,Bạc,0,3,1
31,Nam,1,740000.0,1,Bạc,0,3,1
27,Nam,1,790000.0,7,Bạc,0,2,1
22,Nam,2,743000.0,1,Đồng,0,5,1
40,Nam,1,763000.0,7,Bạc,0,2,1
29,Nam,2,697000.0,1,Đồng,1,3,1
30,Nam,3,633000.0,7,Đồng,1,2,1
23,Nam,1,819000.0,1,Bạc,0,5,0
20,Nữ,1,894000.0,9,Bạc,1,2,0
20,Nam,2,634000.0,2,Đồng,0,4,1
27,Nữ,1,584000.0,7,Đồng,1,2,1
33,Nam,1,686000.0,2,Đồng,1,2,1
36,Nam,1,861000.0,3,Vàng,0,5,1
20,Nam,9,818000.0,8,Vàng,1,2,0
25,Nam,5,921000.0,8,Bạc,1,3,1
22,Nữ,1,849000.0,7,Vàng,1,3,1
40,Nam,4,960000.0,3,Vàng,1,4,1
20,Nữ,1,570000.0,4,Đồng,1,5,0
35,Nữ,2,1025000.0,1,Vàng,0,2,1
20,Nữ,1,759000.0,1,Bạc,0,5,0
25,Nam,1,596000.0,5,Đồng,0,3,0
35,Nữ,12,784000.0,8,Vàng,1,2,1
45,Nữ,1,720000.0,5,Bạc,1,5,1
29,Nam,3,749000.0,7,Bạc,0,4,1
24,Nữ,1,719000.0,1,Đồng,0,4,1
32,Nam,1,920000.0,3,Vàng,0,2,1
31,Nam,5,839000.0,13,Vàng,1,3,1
25,Nam,1,639000.0,4,Đồng,1,3,1
29,Nam,1,645000.0,1,Đồng,0,2,1
28,Nam,5,255000.0,8,Đồng,1,2,1
20,Nữ,4,783000.0,1,Bạc,1,2,1
29,Nữ,1,811000.0,8,Vàng,1,3,1
20,Nam,1,591000.0,1,Đồng,0,2,0
42,Nữ,2,648000.0,2,Đồng,0,2,1
31,Nam,11,1160000.0,15,Kim Cương,0,2,1
28,Nam,2,648000.0,2,Đồng,1,3,1
40,Nữ,1,1170000.0,6,Kim Cương,1,2,1
21,Nam,1,593000.0,4,Đồng,0,2,0
35,Nữ,2,1164000.0,9,Kim Cương,0,2,1
22,Nữ,1,707000.0,7,Đồng,1,5,0
44,Nam,15,1200000.0,12,Kim Cương,1,3,1
23,Nữ,1,611000.0,2,Đồng,1,4,1
25,Nam,1,649000.0,2,Đồng,1,3,0
32,Nữ,1,601000.0,2,Đồng,0,3,1
27,Nam,2,733000.0,2,Đồng,1,2,1
32,Nam,1,658000.0,1,Đồng,1,5,1
29,Nam,4,681000.0,7,Đồng,1,2,1
36,Nam,1,1159000.0,7,Kim Cương,1,2,1
22,Nam,2,938000.0,2,Vàng,1,3,1
26,Nữ,1,608000.0,2,Đồng,0,2,1
25,Nam,5,706000.0,9,Bạc,0,5,1
28,Nữ,1,655000.0,2,Đồng,1,5,1
37,Nam,1,781000.0,2,Bạc,0,3,1
24,Nam,1,807000.0,1,Vàng,1,3,0
30,Nữ,11,1045000.0,3,Vàng,1,3,1
22,Nam,1,680000.0,5,Đồng,0,2,1
32,Nữ,1,724000.0,2,Bạc,0,5,1
22,Nam,1,752000.0,2,Bạc,1,2,1
18,Nữ,1,657000.0,2,Đồng,1,3,1
34,Nữ,7,568000.0,8,Đồng,1,5,1
33,Nam,3,1167000.0,9,Kim Cương,0,3,1
41,Nam,1,572000.0,1,Đồng,1,2,1
20,Nam,1,596000.0,4,Đồng,1,4,0
25,Nam,1,709000.0,3,Đồng,0,4,1
33,Nam,7,758000.0,5,Bạc,1,2,1
29,Nam,1,585000.0,4,Đồng,0,5,1
36,Nữ,7,1040000.0,7,Kim Cương,1,4,1
21,Nam,1,597000.0,1,Đồng,1,3,0
22,Nam,1,818000.0,1,Bạc,0,4,1
24,Nam,7,814000.0,8,Bạc,1,2,1
20,Nam,1,628000.0,5,Đồng,1,5,1
37,Nam,2,962000.0,10,Vàng,0,2,1
31,Nam,10,588000.0,11,Đồng,1,2,1
42,Nam,4,1139000.0,13,Kim Cương,1,5,1
29,Nam,9,879000.0,3,Vàng,1,4,0
28,Nam,1,731000.0,4,Đồng,1,2,1
31,Nam,1,738000.0,1,Bạc,0,2,1
19,Nam,1,678000.0,1,Đồng,1,3,1
29,Nữ,2,1025000.0,2,Vàng,0,2,1
27,Nữ,6,974000.0,3,Vàng,1,4,1
29,Nữ,7,859000.0,7,Bạc,0,5,1
21,Nữ,1,825000.0,4,Bạc,0,4,1
39,Nam,1,1143000.0,6,Kim Cương,1,4,1
44,Nam,1,1123000.0,3,Kim Cương,1,3,1
33,Nam,11,852000.0,6,Đồng,1,3,1
21,Nam,1,736000.0,9,Đồng,0,2,1
43,Nam,1,778000.0,8,Bạc,1,2,1
20,Nam,3,667000.0,3,Đồng,1,5,1
29,Nữ,5,568000.0,7,Đồng,1,2,1
27,Nam,1,751000.0,1,Đồng,0,3,0
31,Nam,1,714000.0,2,Bạc,0,2,1
21,Nam,1,591000.0,2,Đồng,1,4,0
22,Nữ,1,741000.0,2,Đồng,0,2,1
42,Nữ,1,1082000.0,2,Kim Cương,1,5,1
31,Nam,7,644000.0,7,Đồng,1,4,1
24,Nữ,2,574000.0,2,Đồng,0,4,1
21,Nam,7,686000.0,4,Bạc,1,2,0
28,Nam,1,574000.0,2,Đồng,0,2,1
34,Nữ,2,963000.0,8,Vàng,1,4,1
28,Nam,1,560000.0,1,Đồng,0,3,0
27,Nam,6,802000.0,9,Bạc,1,4,1
30,Nam,1,708000.0,1,Đồng,0,2,1
41,Nam,1,765000.0,2,Bạc,0,4,1
33,Nam,2,1117000.0,4,Kim Cương,1,4,1
21,Nữ,1,538000.0,1,Đồng,1,3,1
21,Nam,1,786000.0,7,Bạc,0,5,1
25,Nam,7,707000.0,7,Bạc,1,2,1
34,Nam,3,883000.0,7,Vàng,1,2,1
31,Nữ,1,727000.0,8,Bạc,0,4,1
27,Nam,4,705000.0,8,Bạc,1,3,1
32,Nữ,1,961000.0,3,Vàng,1,4,1
47,Nam,1,696000.0,2,Bạc,1,3,1
26,Nam,1,654000.0,3,Đồng,0,2,1
23,Nam,1,705000.0,1,Bạc,0,5,1
37,Nam,9,757000.0,11,Bạc,1,5,1
22,Nam,2,676000.0,2,Đồng,1,2,1
26,Nữ,8,865000.0,3,Vàng,1,4,1
32,Nam,11,1076000.0,10,Kim Cương,1,5,1
34,Nữ,1,684000.0,7,Đồng,0,2,1
37,Nữ,2,947000.0,7,Vàng,1,3,1
34,Nam,7,703000.0,7,Đồng,1,4,0
24,Nữ,1,579000.0,2,Đồng,0,4,1
25,Nữ,11,652000.0,9,Bạc,1,4,1
22,Nam,1,628000.0,4,Đồng,1,3,1
23,Nam,1,742000.0,7,Bạc,0,2,1
24,Nữ,1,722000.0,7,Đồng,1,2,1
21,Nam,2,626000.0,2,Đồng,1,2,0
25,Nữ,1,700000.0,9,Bạc,0,2,1
23,Nữ,8,966000.0,9,Vàng,1,3,1
33,Nam,13,1162000.0,3,Kim Cương,1,2,1
22,Nữ,1,758000.0,1,Bạc,1,3,0
26,Nam,1,680000.0,1,Đồng,1,2,1
38,Nam,1,1071000.0,1,Kim Cương,1,3,1
37,Nữ,1,653000.0,1,Bạc,0,3,1
22,Nam,1,718000.0,4,Bạc,0,4,1
42,Nữ,1,656000.0,3,Đồng,1,3,1
34,Nữ,1,880000.0,1,Vàng,1,5,1
36,Nam,9,648000.0,8,Đồng,1,2,1
32,Nam,1,889000.0,2,Bạc,1,2,1
27,Nam,1,553000.0,7,Đồng,1,5,0
22,Nam,2,702000.0,2,Đồng,1,2,1
23,Nữ,1,711000.0,2,Bạc,0,3,1
20,Nữ,1,789000.0,7,Bạc,0,4,1
30,Nam,1,763000.0,4,Bạc,0,2,1
30,Nam,2,898000.0,3,Vàng,1,2,1
24,Nữ,4,759000.0,10,Bạc,1,2,1
24,Nữ,1,795000.0,7,Bạc,0,4,1
26,Nam,1,774000.0,13,Bạc,0,4,1
20,Nam,1,593000.0,2,Đồng,1,2,1
33,Nam,1,738000.0,2,Bạc,1,4,1
36,Nam,1,700000.0,1,Đồng,0,3,1
32,Nữ,2,1042000.0,1,Kim Cương,0,2,1
21,Nam,1,679000.0,2,Đồng,1,3,1
35,Nam,1,571000.0,1,Đồng,1,3,1
22,Nữ,1,591000.0,7,Đồng,0,4,1
39,Nữ,1,1035000.0,3,Vàng,0,3,1
30,Nam,6,706000.0,7,Bạc,1,5,1
21,Nữ,2,652000.0,2,Đồng,1,3,1
21,Nam,7,744000.0,7,Bạc,1,3,1
33,Nam,1,882000.0,1,Bạc,0,2,1
27,Nữ,1,555000.0,2,Đồng,1,4,0
31,Nữ,1,758000.0,1,Bạc,1,2,1
28,Nam,1,795000.0,12,Vàng,0,2,1
47,Nam,1,701000.0,2,Bạc,1,3,1
29,Nữ,1,586000.0,7,Đồng,0,3,1
20,Nam,2,764000.0,2,Đồng,0,2,1
24,Nữ,1,606000.0,1,Đồng,1,3,0
29,Nữ,1,730000.0,3,Đồng,1,5,1
36,Nữ,1,698000.0,1,Bạc,0,3,1
27,Nam,7,889000.0,7,Vàng,1,4,0
39,Nam,1,881000.0,3,Vàng,0,2,1
25,Nam,1,704000.0,1,Bạc,1,3,0
22,Nam,2,645000.0,2,Đồng,1,4,1
21,Nữ,1,632000.0,1,Đồng,0,4,0
30,Nam,1,630000.0,2,Đồng,1,2,1
25,Nam,1,814000.0,1,Bạc,1,4,1
23,Nam,1,607000.0,4,Đồng,0,4,1
23,Nam,1,728000.0,7,Bạc,1,2,1
39,Nam,1,824000.0,1,Đồng,1,3,1
38,Nữ,1,643000.0,7,Đồng,0,2,1
29,Nữ,2,596000.0,2,Đồng,1,3,1
22,Nam,1,685000.0,4,Bạc,1,2,0
42,Nữ,1,1048000.0,2,Kim Cương,1,2,1
23,Nữ,1,636000.0,3,Đồng,0,3,1
25,Nam,1,669000.0,1,Đồng,1,4,1
23,Nam,1,749000.0,4,Đồng,0,5,0
29,Nữ,1,587000.0,2,Đồng,1,4,1
27,Nam,9,758000.0,1,Bạc,1,3,1
28,Nam,1,738000.0,1,Đồng,1,2,0
30,Nữ,12,597000.0,17,Đồng,1,5,1
31,Nữ,1,683000.0,3,Bạc,0,4,1
34,Nữ,1,642000.0,2,Đồng,1,5,1
28,Nam,1,634000.0,1,Đồng,0,4,1
33,Nam,2,944000.0,9,Vàng,0,4,1
33,Nữ,1,760000.0,1,Đồng,1,3,1
42,Nam,1,1166000.0,2,Kim Cương,1,5,1
26,Nữ,1,754000.0,2,Bạc,1,3,1
27,Nữ,3,638000.0,12,Đồng,1,5,1
32,Nam,1,692000.0,2,Đồng,0,2,1
33,Nữ,1,675000.0,2,Đồng,0,3,1
22,Nữ,1,629000.0,3,Đồng,0,2,1
30,Nữ,10,687000.0,7,Đồng,1,3,1
29,Nam,3,571000.0,2,Đồng,0,5,1
32,Nam,1,1144000.0,6,Kim Cương,0,3,1
42,Nữ,2,908000.0,7,Vàng,1,5,1
22,Nữ,4,695000.0,4,Bạc,1,3,1
34,Nam,1,829000.0,7,Bạc,1,5,1
22,Nam,1,646000.0,8,Đồng,0,5,1
21,Nam,1,644000.0,2,Đồng,1,5,0
43,Nam,1,785000.0,4,Bạc,0,3,1
36,Nam,1,720000.0,2,Đồng,1,2,1
42,Nữ,1,1045000.0,4,Kim Cương,1,2,1
35,Nữ,1,631000.0,2,Đồng,1,3,1
22,Nữ,1,815000.0,2,Bạc,0,2,1
44,Nữ,11,1171000.0,10,Kim Cương,0,5,1
40,Nữ,1,684000.0,8,Đồng,0,3,1
32,Nữ,1,630000.0,4,Đồng,0,2,1
20,Nữ,1,662000.0,4,Đồng,1,4,0
21,Nữ,1,635000.0,1,Đồng,1,3,0
30,Nam,1,719000.0,1,Đồng,1,2,1
32,Nữ,1,1107000.0,12,Kim Cương,1,3,1
19,Nữ,1,742000.0,2,Đồng,1,2,1
31,Nam,1,612000.0,4,Đồng,0,2,1
26,Nam,1,972000.0,3,Vàng,1,3,1
21,Nữ,1,641000.0,1,Đồng,0,4,0
22,Nam,1,582000.0,1,Đồng,1,2,0
26,Nữ,7,754000.0,8,Bạc,1,5,1
45,Nam,2,952000.0,1,Vàng,0,2,1
37,Nam,15,1090000.0,7,Kim Cương,1,3,1
24,Nữ,6,612000.0,7,Đồng,1,2,1
47,Nữ,13,934000.0,11,Vàng,1,5,1
39,Nữ,1,677000.0,4,Đồng,0,2,1
37,Nam,1,1087000.0,1,Kim Cương,1,3,1
27,Nam,4,680000.0,3,Đồng,1,3,1
41,Nữ,1,606000.0,1,Đồng,1,3,1
27,Nam,5,589000.0,7,Đồng,1,3,1
39,Nữ,1,895000.0,2,Vàng,1,2,1
23,Nam,1,1036000.0,8,Vàng,1,4,1
24,Nam,2,936000.0,7,Vàng,0,3,0
20,Nam,1,624000.0,3,Đồng,0,2,0
25,Nam,1,625000.0,2,Đồng,1,4,1
26,Nam,1,744000.0,1,Bạc,0,3,1
21,Nam,1,814000.0,1,Vàng,1,3,0
22,Nữ,1,863000.0,2,Vàng,1,5,0
29,Nam,2,642000.0,1,Đồng,1,3,1
28,Nam,9,849000.0,7,Vàng,1,2,1
20,Nam,1,685000.0,2,Đồng,1,3,0
35,Nữ,6,660000.0,7,Đồng,1,2,1
45,Nữ,7,1204000.0,7,Kim Cương,1,4,1
33,Nam,1,729000.0,10,Bạc,0,2,1
30,Nam,6,636000.0,9,Đồng,1,3,1
29,Nữ,2,969000.0,13,Vàng,1,3,1
30,Nữ,1,605000.0,7,Đồng,0,3,1
23,Nam,1,726000.0,5,Bạc,1,2,1
35,Nam,5,872000.0,8,Bạc,1,5,1
35,Nam,3,759000.0,7,Đồng,1,4,1
23,Nữ,1,573000.0,1,Đồng,0,3,0
26,Nam,1,636000.0,2,Đồng,0,2,1
29,Nữ,1,1123000.0,5,Kim Cương,1,3,1
20,Nam,1,1005000.0,3,Vàng,1,2,1
30,Nam,1,590000.0,1,Đồng,1,4,0
32,Nam,1,895000.0,3,Vàng,1,5,1
32,Nữ,1,793000.0,7,Bạc,0,3,1
22,Nam,1,638000.0,1,Đồng,1,3,1
29,Nữ,1,715000.0,3,Đồng,0,3,1
30,Nam,5,671000.0,7,Bạc,1,2,1
23,Nam,1,665000.0,1,Đồng,1,2,0
30,Nữ,1,815000.0,2,Bạc,1,2,1
36,Nữ,1,822000.0,2,Vàng,1,3,1
33,Nữ,11,1091000.0,8,Kim Cương,1,5,1
28,Nam,7,798000.0,7,Vàng,1,4,1
41,Nam,6,678000.0,9,Bạc,1,5,1
20,Nam,1,651000.0,2,Đồng,1,3,0
22,Nam,2,592000.0,1,Đồng,0,2,1
30,Nữ,1,919000.0,1,Vàng,1,3,1
30,Nữ,4,706000.0,3,Bạc,1,4,1
39,Nam,1,1169000.0,9,Kim Cương,0,3,1
25,Nam,1,572000.0,4,Đồng,0,2,1
22,Nam,1,821000.0,4,Bạc,1,4,1
27,Nam,1,703000.0,1,Đồng,1,4,1
43,Nam,10,1067000.0,7,Kim Cương,1,4,1
29,Nam,1,552000.0,6,Đồng,1,3,1
21,Nữ,1,652000.0,2,Đồng,0,3,0
28,Nam,1,655000.0,1,Đồng,1,5,0
25,Nam,1,631000.0,3,Đồng,0,2,1
18,Nam,1,710000.0,2,Đồng,0,5,0
27,Nam,1,648000.0,2,Đồng,0,2,1
23,Nam,5,825000.0,7,Bạc,1,2,1
27,Nữ,1,570000.0,3,Đồng,1,3,1
31,Nam,1,792000.0,1,Vàng,0,3,1
22,Nữ,1,606000.0,1,Đồng,1,4,1
35,Nữ,2,646000.0,2,Đồng,1,2,1
35,Nam,1,1062000.0,1,Kim Cương,1,2,1
34,Nữ,1,659000.0,1,Đồng,1,5,1
33,Nam,4,697000.0,7,Bạc,1,3,1
37,Nữ,2,978000.0,2,Vàng,0,5,1
35,Nữ,1,677000.0,2,Bạc,1,3,1
28,Nữ,1,673000.0,6,Đồng,1,3,1
22,Nam,1,582000.0,2,Đồng,0,5,0
22,Nam,1,595000.0,2,Đồng,1,3,1
35,Nam,1,1169000.0,1,Kim Cương,1,2,1
25,Nam,2,709000.0,2,Đồng,1,3,1
28,Nam,1,727000.0,2,Bạc,1,3,1
25,Nữ,1,702000.0,5,Bạc,1,2,1
28,Nữ,1,687000.0,1,Đồng,1,3,1
44,Nữ,8,888000.0,10,Bạc,1,5,1
27,Nam,8,586000.0,8,Đồng,1,2,1
26,Nữ,1,667000.0,1,Đồng,0,5,0
22,Nữ,1,600000.0,2,Đồng,0,2,1
29,Nam,7,847000.0,8,Vàng,1,3,1
23,Nữ,1,708000.0,2,Bạc,0,3,1
28,Nam,11,728000.0,8,Bạc,1,2,1
25,Nam,4,912000.0,7,Bạc,1,2,1
45,Nam,7,888000.0,1,Vàng,1,4,1
29,Nam,1,768000.0,2,Vàng,1,4,1
29,Nam,1,580000.0,1,Đồng,0,2,1
24,Nam,1,517000.0,1,Đồng,0,3,0
22,Nam,9,592000.0,7,Đồng,1,5,0
28,Nam,1,631000.0,1,Đồng,1,3,1
23,Nam,1,650000.0,2,Đồng,0,5,1
23,Nam,1,805000.0,2,Đồng,0,4,1
30,Nữ,1,749000.0,5,Đồng,1,2,1
20,Nam,2,677000.0,8,Đồng,1,2,1
39,Nam,2,760000.0,2,Bạc,1,4,1
23,Nữ,1,769000.0,4,Đồng,1,2,1
29,Nam,1,725000.0,1,Đồng,1,2,1
43,Nam,3,588000.0,8,Đồng,1,3,1
28,Nữ,7,806000.0,7,Bạc,1,4,1
21,Nữ,2,676000.0,1,Đồng,1,3,0
29,Nữ,11,631000.0,10,Đồng,1,3,1
26,Nam,1,673000.0,8,Bạc,0,2,1
31,Nam,1,747000.0,3,Bạc,1,3,0
29,Nữ,1,759000.0,8,Bạc,1,2,1
21,Nữ,1,722000.0,7,Bạc,1,5,1
25,Nữ,7,902000.0,3,Vàng,1,2,1
39,Nam,1,659000.0,7,Đồng,0,5,1
31,Nam,1,970000.0,12,Vàng,0,5,1
41,Nam,2,1079000.0,3,Vàng,0,3,1
31,Nam,12,1158000.0,6,Kim Cương,1,2,1
46,Nam,2,703000.0,2,Bạc,1,5,1
21,Nam,1,916000.0,7,Vàng,1,5,1
34,Nam,2,1114000.0,10,Kim Cương,1,3,1
38,Nam,2,669000.0,2,Đồng,1,4,1
26,Nữ,3,586000.0,7,Đồng,1,4,0
27,Nữ,1,905000.0,3,Vàng,0,5,1
32,Nữ,1,782000.0,1,Bạc,0,3,1
33,Nam,1,649000.0,4,Đồng,0,3,1
35,Nữ,2,941000.0,13,Vàng,1,3,1
23,Nam,7,835000.0,7,Bạc,1,2,1
25,Nam,1,570000.0,1,Đồng,0,3,1
26,Nam,2,588000.0,2,Đồng,1,3,0
33,Nam,2,808000.0,2,Bạc,0,2,1
28,Nữ,4,682000.0,3,Bạc,1,3,1
19,Nam,1,610000.0,2,Đồng,0,5,1
31,Nữ,3,749000.0,6,Bạc,1,4,1
41,Nam,1,840000.0,3,Vàng,0,2,1
30,Nữ,2,695000.0,3,Đồng,1,2,1
21,Nữ,1,823000.0,7,Bạc,1,5,1
28,Nam,2,604000.0,2,Đồng,0,4,1
43,Nam,2,653000.0,2,Đồng,1,2,1
29,Nữ,1,648000.0,1,Bạc,0,5,1
25,Nam,4,715000.0,7,Bạc,1,2,1
30,Nam,1,613000.0,1,Đồng,0,3,1
27,Nữ,1,694000.0,1,Bạc,1,5,1
39,Nam,1,1024000.0,16,Kim Cương,1,5,1
21,Nam,7,601000.0,8,Đồng,1,2,0
20,Nữ,1,863000.0,4,Bạc,0,2,1
36,Nam,3,727000.0,1,Bạc,0,3,1
23,Nam,1,702000.0,2,Đồng,1,3,1
30,Nữ,1,705000.0,3,Bạc,1,3,0
26,Nam,1,851000.0,4,Bạc,0,2,1
34,Nam,1,1180000.0,4,Kim Cương,1,5,0
27,Nam,1,788000.0,9,Bạc,0,5,1
43,Nam,1,726000.0,2,Đồng,1,2,1
22,Nữ,2,670000.0,1,Đồng,1,2,1
22,Nữ,1,639000.0,1,Đồng,1,3,1
19,Nam,1,745000.0,2,Bạc,1,5,0
28,Nữ,1,665000.0,3,Đồng,0,2,1
46,Nữ,1,661000.0,4,Bạc,0,5,1
23,Nam,1,744000.0,1,Đồng,0,2,1
31,Nữ,4,604000.0,3,Đồng,1,5,1
29,Nữ,4,691000.0,12,Bạc,1,5,1
25,Nữ,1,625000.0,3,Đồng,1,5,1
28,Nữ,1,642000.0,2,Đồng,0,2,1
26,Nam,1,758000.0,2,Đồng,1,3,1
31,Nữ,3,816000.0,7,Đồng,0,4,1
25,Nữ,1,783000.0,2,Bạc,1,5,1
36,Nam,14,1105000.0,9,Kim Cương,1,2,1
26,Nam,1,686000.0,1,Đồng,1,5,0
21,Nam,1,571000.0,1,Đồng,1,4,1
42,Nữ,1,721000.0,4,Đồng,1,3,1
40,Nam,1,1124000.0,3,Kim Cương,1,3,1
23,Nữ,1,559000.0,1,Đồng,0,5,0
26,Nam,3,859000.0,3,Vàng,0,3,1
19,Nữ,1,715000.0,2,Bạc,1,5,0
38,Nữ,3,1021000.0,1,Kim Cương,1,2,1
27,Nữ,1,712000.0,5,Bạc,0,4,1
23,Nam,1,766000.0,7,Đồng,1,3,1
38,Nam,13,1161000.0,8,Kim Cương,1,4,0
26,Nữ,2,595000.0,2,Đồng,0,3,1
31,Nữ,1,709000.0,2,Bạc,0,2,1
20,Nam,2,715000.0,1,Đồng,0,3,0
32,Nam,1,584000.0,4,Đồng,1,4,1
26,Nữ,6,697000.0,8,Bạc,1,3,1
32,Nam,1,693000.0,1,Bạc,1,3,1
24,Nữ,1,900000.0,1,Bạc,1,2,1
31,Nữ,1,603000.0,1,Đồng,1,3,1
31,Nam,7,657000.0,8,Đồng,1,4,1
31,Nam,1,746000.0,2,Bạc,1,5,1
24,Nữ,1,642000.0,3,Đồng,1,2,1
32,Nữ,7,835000.0,7,Bạc,0,2,0
35,Nam,7,725000.0,3,Bạc,0,2,0
32,Nam,1,1229000.0,1,Kim Cương,1,5,1
22,Nam,1,970000.0,3,Vàng,0,2,1
29,Nam,1,962000.0,6,Vàng,0,3,1
23,Nữ,7,773000.0,5,Đồng,1,4,1
26,Nam,1,725000.0,2,Đồng,1,2,1
18,Nữ,1,606000.0,7,Đồng,0,3,0
29,Nam,1,540000.0,1,Đồng,1,2,1
39,Nữ,4,1052000.0,17,Kim Cương,1,3,1
34,Nam,2,690000.0,3,Bạc,1,4,1
23,Nam,1,625000.0,1,Đồng,1,5,1
26,Nam,1,779000.0,8,Đồng,0,5,1
29,Nữ,1,567000.0,1,Đồng,1,5,1
27,Nam,4,728000.0,11,Bạc,1,2,1
25,Nam,1,626000.0,3,Đồng,0,2,1
24,Nam,1,620000.0,3,Đồng,0,2,1
41,Nữ,1,940000.0,3,Vàng,0,2,1
35,Nam,1,844000.0,2,Vàng,1,5,1
27,Nữ,1,666000.0,3,Bạc,1,3,1
44,Nữ,2,1092000.0,1,Vàng,0,2,1
29,Nam,1,808000.0,1,Bạc,1,3,1
21,Nam,1,673000.0,4,Đồng,0,2,1
23,Nam,2,803000.0,2,Đồng,1,2,1
34,Nam,1,770000.0,2,Đồng,1,2,1
35,Nam,2,610000.0,2,Đồng,0,2,1
30,Nam,1,710000.0,3,Đồng,1,5,1
21,Nam,1,724000.0,3,Đồng,1,5,1
30,Nữ,5,962000.0,15,Vàng,1,3,1
27,Nữ,7,670000.0,8,Đồng,0,4,0
27,Nam,1,574000.0,2,Đồng,0,2,1
21,Nam,1,636000.0,3,Đồng,1,5,1
40,Nữ,1,675000.0,2,Đồng,1,5,1
20,Nam,3,676000.0,4,Đồng,0,2,1
27,Nam,5,739000.0,3,Bạc,1,4,1
32,Nam,1,698000.0,2,Đồng,0,4,1
33,Nữ,1,682000.0,3,Bạc,0,2,1
26,Nam,1,680000.0,2,Đồng,1,2,1
22,Nữ,1,695000.0,2,Đồng,0,3,0
39,Nam,2,909000.0,3,Vàng,0,2,1
31,Nam,4,909000.0,8,Vàng,1,4,1
28,Nữ,1,640000.0,1,Đồng,1,2,1
45,Nữ,2,1047000.0,8,Vàng,1,2,1
34,Nữ,2,693000.0,2,Bạc,1,2,1
37,Nữ,7,795000.0,7,Đồng,1,2,1
29,Nam,1,760000.0,9,Bạc,0,4,1
39,Nam,14,1059000.0,7,Kim Cương,1,5,1
32,Nữ,1,652000.0,4,Bạc,0,2,1
27,Nam,1,558000.0,3,Đồng,0,4,1
21,Nam,1,769000.0,1,Đồng,1,2,0
23,Nữ,1,611000.0,3,Đồng,1,2,1
34,Nam,7,597000.0,1,Đồng,1,5,1
23,Nam,1,687000.0,2,Đồng,1,2,1
36,Nam,1,606000.0,1,Đồng,0,2,0
34,Nữ,1,787000.0,1,Đồng,1,4,1
27,Nữ,1,580000.0,2,Đồng,0,3,0
22,Nữ,1,691000.0,1,Đồng,1,2,0
27,Nam,4,786000.0,11,Bạc,1,2,1
38,Nữ,1,695000.0,2,Đồng,1,2,1
22,Nữ,1,738000.0,2,Đồng,1,3,0
27,Nữ,1,604000.0,1,Đồng,0,2,0
19,Nữ,2,666000.0,2,Đồng,1,3,1
23,Nam,2,712000.0,2,Đồng,1,5,0
20,Nữ,1,679000.0,1,Đồng,1,3,1
26,Nam,1,594000.0,1,Đồng,1,4,1
33,Nữ,1,775000.0,3,Bạc,0,3,1
25,Nam,1,575000.0,2,Đồng,0,5,1
48,Nữ,1,853000.0,4,Vàng,1,4,1
24,Nam,5,620000.0,2,Đồng,1,3,1
29,Nữ,1,823000.0,7,Đồng,0,2,1
37,Nữ,1,722000.0,7,Bạc,0,4,1
30,Nam,1,647000.0,1,Đồng,0,3,1
26,Nữ,1,737000.0,1,Bạc,1,3,1
30,Nam,1,740000.0,1,Đồng,0,2,1
30,Nữ,2,950000.0,11,Vàng,1,5,1
25,Nữ,1,695000.0,2,Đồng,1,4,1
24,Nam,1,667000.0,1,Đồng,0,4,0
31,Nam,1,811000.0,1,Vàng,1,4,1
23,Nam,1,637000.0,7,Đồng,1,5,1
32,Nam,2,666000.0,17,Đồng,1,5,1
31,Nam,3,716000.0,9,Đồng,1,3,1
28,Nam,1,583000.0,1,Đồng,0,4,0
22,Nam,1,700000.0,1,Đồng,1,5,0
24,Nữ,8,672000.0,5,Bạc,0,2,1
31,Nam,1,646000.0,1,Đồng,0,4,1
30,Nữ,6,715000.0,3,Bạc,1,5,1
21,Nam,3,815000.0,7,Vàng,1,2,0
26,Nữ,1,752000.0,4,Bạc,0,2,1
22,Nam,11,824000.0,7,Vàng,1,3,0
36,Nam,1,642000.0,8,Đồng,1,4,1
31,Nữ,1,614000.0,2,Đồng,0,2,1
28,Nữ,1,707000.0,1,Đồng,1,3,1
40,Nam,7,1092000.0,8,Kim Cương,1,2,1
38,Nam,1,759000.0,1,Đồng,1,3,0
42,Nam,2,990000.0,2,Vàng,1,3,1
23,Nam,7,717000.0,7,Bạc,1,3,1
32,Nữ,1,696000.0,3,Bạc,0,2,1
27,Nam,1,765000.0,8,Bạc,0,2,1
31,Nam,1,842000.0,7,Bạc,1,3,1
24,Nữ,2,982000.0,1,Vàng,1,4,0
38,Nam,2,767000.0,7,Đồng,0,3,1
32,Nam,1,678000.0,7,Đồng,1,2,1
22,Nam,1,724000.0,2,Đồng,1,5,0
29,Nam,6,1043000.0,1,Kim Cương,1,3,1
19,Nữ,1,697000.0,1,Đồng,1,5,0
25,Nữ,1,700000.0,2,Đồng,1,2,1
28,Nữ,1,603000.0,2,Đồng,0,2,1
38,Nam,1,1207000.0,3,Kim Cương,1,2,1
25,Nữ,1,691000.0,2,Bạc,0,4,1
32,Nam,1,1166000.0,11,Kim Cương,1,3,1
25,Nữ,2,620000.0,2,Đồng,1,4,1
35,Nam,1,661000.0,8,Đồng,1,5,1
37,Nữ,1,708000.0,7,Đồng,1,2,1
29,Nữ,1,553000.0,1,Đồng,0,3,0
38,Nam,2,1037000.0,5,Vàng,0,3,1
31,Nam,1,661000.0,2,Đồng,0,3,1
37,Nam,1,862000.0,7,Vàng,0,3,1
24,Nữ,3,685000.0,2,Đồng,1,3,1
21,Nam,1,800000.0,2,Đồng,1,4,0
26,Nữ,1,633000.0,3,Đồng,1,5,1
23,Nam,1,579000.0,1,Đồng,1,2,1
42,Nữ,1,829000.0,8,Vàng,1,3,1
28,Nữ,10,817000.0,1,Vàng,1,3,1
22,Nữ,1,865000.0,3,Vàng,0,5,1
20,Nữ,1,628000.0,1,Đồng,0,5,0
22,Nữ,1,653000.0,2,Đồng,0,4,0
22,Nam,1,675000.0,3,Bạc,1,2,1
21,Nam,1,623000.0,1,Đồng,1,5,1
40,Nam,2,651000.0,2,Đồng,0,3,1
38,Nam,4,882000.0,3,Vàng,1,3,1
34,Nữ,2,690000.0,1,Đồng,1,3,1
30,Nữ,11,968000.0,3,Vàng,0,2,1
23,Nữ,2,725000.0,2,Đồng,0,2,1
30,Nam,1,745000.0,2,Đồng,1,2,1
31,Nam,1,1101000.0,1,Kim Cương,1,3,1
41,Nam,1,666000.0,1,Đồng,1,2,1
47,Nữ,2,954000.0,3,Vàng,0,2,1
20,Nữ,1,698000.0,1,Đồng,1,4,0
43,Nam,6,734000.0,7,Bạc,1,4,1
32,Nữ,5,1184000.0,10,Kim Cương,1,3,1
30,Nam,1,720000.0,1,Bạc,1,2,1
23,Nam,2,749000.0,2,Đồng,0,5,0
37,Nữ,6,1180000.0,9,Kim Cương,1,2,0
35,Nữ,2,1016000.0,11,Vàng,1,2,1
39,Nữ,1,703000.0,13,Bạc,1,3,1
23,Nữ,15,648000.0,14,Đồng,1,5,0
31,Nữ,2,863000.0,8,Vàng,1,5,1
26,Nữ,2,680000.0,2,Đồng,1,2,1
37,Nữ,1,1080000.0,1,Kim Cương,1,2,1
25,Nữ,7,629000.0,7,Đồng,1,3,1
26,Nam,1,796000.0,9,Vàng,1,2,1
47,Nam,1,911000.0,3,Vàng,0,2,1
27,Nam,1,630000.0,4,Đồng,0,4,1
41,Nữ,6,741000.0,12,Bạc,0,4,1
24,Nam,1,685000.0,1,Đồng,0,3,0
28,Nam,1,595000.0,2,Đồng,1,5,0
29,Nữ,1,676000.0,1,Đồng,0,3,1
20,Nam,1,684000.0,1,Đồng,1,4,1
29,Nam,2,650000.0,2,Đồng,1,3,1
40,Nam,7,1161000.0,7,Kim Cương,1,3,1
30,Nữ,1,676000.0,1,Đồng,1,4,1
32,Nam,7,799000.0,5,Bạc,1,5,1
31,Nữ,1,579000.0,3,Đồng,1,3,1
38,Nam,2,1173000.0,2,Kim Cương,1,2,1
43,Nữ,7,827000.0,1,Vàng,1,3,1
43,Nữ,1,699000.0,3,Đồng,0,3,1
29,Nữ,7,768000.0,8,Vàng,1,2,1
43,Nam,6,1081000.0,2,Kim Cương,1,5,1
35,Nam,2,944000.0,1,Vàng,1,2,1
22,Nữ,1,604000.0,2,Đồng,0,2,0
32,Nữ,1,560000.0,1,Đồng,1,5,0
37,Nữ,1,813000.0,7,Đồng,1,5,1
31,Nam,2,579000.0,7,Đồng,1,3,0
24,Nam,1,779000.0,9,Vàng,0,5,0
22,Nam,1,687000.0,3,Đồng,0,5,1
25,Nam,1,864000.0,2,Vàng,1,5,1
33,Nữ,1,623000.0,8,Đồng,1,3,1
30,Nữ,1,872000.0,9,Vàng,0,3,1
30,Nam,11,950000.0,1,Vàng,1,2,1
20,Nam,1,753000.0,2,Đồng,1,3,1
44,Nam,1,941000.0,3,Vàng,1,4,1
21,Nữ,1,632000.0,7,Đồng,1,3,1
27,Nam,3,865000.0,6,Vàng,1,5,0
26,Nam,1,773000.0,2,Bạc,0,2,1
21,Nam,4,957000.0,7,Vàng,1,5,0
21,Nữ,3,794000.0,8,Đồng,1,3,0
29,Nam,2,631000.0,2,Đồng,1,3,1
27,Nam,1,823000.0,4,Bạc,1,2,1
30,Nữ,1,744000.0,1,Bạc,0,2,1
20,Nam,5,663000.0,6,Đồng,1,2,0
21,Nam,1,696000.0,1,Đồng,1,3,0
27,Nam,2,694000.0,2,Đồng,0,4,0
36,Nam,13,1140000.0,7,Kim Cương,1,5,1
22,Nam,1,628000.0,1,Đồng,0,4,0
32,Nam,1,681000.0,1,Đồng,0,3,0
25,Nữ,1,713000.0,2,Đồng,1,4,1
27,Nam,1,670000.0,1,Đồng,1,2,1
38,Nam,2,1190000.0,1,Kim Cương,1,2,1
37,Nữ,4,694000.0,12,Bạc,0,3,1
41,Nam,4,939000.0,1,Vàng,1,4,1
33,Nam,2,810000.0,7,Vàng,1,3,1
22,Nữ,1,730000.0,7,Đồng,0,2,1
19,Nữ,1,820000.0,7,Bạc,0,4,1
37,Nam,4,1059000.0,9,Kim Cương,1,3,1
30,Nam,1,795000.0,1,Bạc,1,4,1
37,Nữ,1,831000.0,1,Vàng,0,5,1
24,Nam,11,874000.0,3,Vàng,1,2,0
30,Nam,4,1173000.0,9,Kim Cương,1,3,1
28,Nữ,2,551000.0,2,Đồng,0,4,1
31,Nam,1,762000.0,3,Bạc,1,4,1
28,Nam,1,869000.0,9,Bạc,1,2,1
24,Nam,2,589000.0,2,Đồng,1,2,1
22,Nam,1,677000.0,4,Đồng,0,4,1
29,Nam,1,644000.0,2,Đồng,0,2,1
39,Nam,2,995000.0,3,Vàng,1,4,1
27,Nam,1,614000.0,2,Đồng,1,3,1
25,Nữ,1,635000.0,1,Đồng,1,4,1
34,Nam,1,742000.0,1,Đồng,1,2,1
26,Nam,1,677000.0,2,Đồng,0,2,1
29,Nam,5,606000.0,1,Đồng,1,3,1
25,Nam,1,616000.0,2,Đồng,1,3,1
28,Nam,1,561000.0,1,Đồng,0,3,0
21,Nữ,1,838000.0,3,Bạc,0,5,0
34,Nam,1,638000.0,1,Đồng,1,2,1
22,Nam,2,584000.0,2,Đồng,1,3,0
28,Nữ,1,698000.0,3,Bạc,0,2,1
23,Nam,2,596000.0,2,Đồng,1,3,1
27,Nữ,1,803000.0,3,Bạc,1,3,1
29,Nam,1,713000.0,4,Đồng,0,3,1
22,Nữ,3,750000.0,10,Bạc,0,5,0
31,Nữ,2,1007000.0,13,Vàng,0,3,1
25,Nam,2,940000.0,14,Vàng,1,5,0
33,Nam,1,680000.0,5,Bạc,1,5,1
28,Nam,1,572000.0,7,Đồng,1,3,1
22,Nam,1,765000.0,2,Đồng,1,4,1
22,Nữ,1,565000.0,1,Đồng,1,2,0
20,Nam,1,791000.0,7,Đồng,1,2,1
25,Nam,1,800000.0,4,Bạc,1,3,1
32,Nữ,1,657000.0,1,Đồng,1,2,1
27,Nam,6,919000.0,4,Vàng,1,4,1
28,Nam,4,791000.0,9,Bạc,1,5,1
27,Nam,2,591000.0,2,Đồng,1,2,1
26,Nữ,1,686000.0,3,Bạc,1,3,0
27,Nữ,1,590000.0,1,Đồng,0,5,1
47,Nữ,4,1183000.0,2,Kim Cương,0,5,1
24,Nữ,1,615000.0,8,Đồng,0,2,1
22,Nam,1,777000.0,1,Đồng,0,5,1
34,Nữ,1,748000.0,2,Đồng,1,3,1
30,Nữ,3,722000.0,11,Bạc,1,2,1
26,Nam,1,597000.0,2,Đồng,0,3,1
29,Nam,1,579000.0,2,Đồng,1,3,0
42,Nữ,4,1185000.0,7,Kim Cương,1,3,1
33,Nữ,1,659000.0,3,Đồng,1,2,1
20,Nam,1,576000.0,1,Đồng,0,2,0
37,Nữ,15,1211000.0,9,Kim Cương,1,5,1
31,Nam,1,588000.0,1,Đồng,1,3,1
28,Nam,1,630000.0,4,Đồng,0,3,1
29,Nam,1,642000.0,1,Đồng,1,5,0
20,Nam,1,737000.0,3,Đồng,1,5,1
31,Nam,1,638000.0,1,Đồng,1,4,1
40,Nữ,2,1221000.0,2,Kim Cương,1,5,1
24,Nam,3,602000.0,3,Đồng,1,5,1
36,Nam,1,1096000.0,3,Kim Cương,1,4,1
29,Nam,1,832000.0,7,Vàng,1,5,1
29,Nữ,1,586000.0,1,Đồng,0,4,0
28,Nữ,1,645000.0,1,Đồng,0,3,1
28,Nam,1,618000.0,7,Đồng,0,3,1
27,Nam,8,627000.0,9,Đồng,1,3,1
34,Nam,1,840000.0,17,Đồng,1,2,1
23,Nam,2,661000.0,2,Đồng,0,2,1
37,Nam,1,721000.0,4,Bạc,1,2,1
35,Nam,1,761000.0,3,Bạc,0,5,1
45,Nam,1,757000.0,9,Bạc,0,2,1
25,Nữ,2,708000.0,2,Đồng,0,4,1
22,Nữ,1,690000.0,7,Đồng,1,3,1
28,Nữ,7,963000.0,7,Vàng,1,5,1
26,Nam,4,604000.0,10,Đồng,1,2,1
32,Nữ,1,719000.0,3,Bạc,1,4,1
22,Nam,1,688000.0,1,Đồng,0,2,1
26,Nam,5,750000.0,7,Đồng,1,4,1
32,Nữ,2,997000.0,1,Vàng,0,5,1
29,Nữ,4,817000.0,12,Vàng,1,2,1
30,Nam,6,602000.0,8,Đồng,1,5,1
41,Nữ,1,911000.0,4,Vàng,1,3,1
29,Nữ,7,579000.0,7,Đồng,1,2,1
30,Nữ,1,754000.0,1,Đồng,1,4,0
22,Nữ,1,665000.0,2,Đồng,0,2,1
43,Nam,1,1099000.0,9,Kim Cương,1,2,1
24,Nam,1,719000.0,1,Bạc,0,5,1
24,Nữ,1,823000.0,8,Bạc,0,5,1
48,Nữ,1,740000.0,5,Bạc,0,2,1
37,Nam,1,1177000.0,7,Kim Cương,1,2,1
39,Nam,1,1114000.0,1,Kim Cương,1,3,1
30,Nam,1,618000.0,7,Đồng,1,4,1
39,Nam,1,567000.0,1,Đồng,0,4,1
21,Nam,1,566000.0,3,Đồng,1,3,1
23,Nam,1,697000.0,1,Bạc,0,2,1
37,Nam,1,1084000.0,1,Kim Cương,1,2,1
24,Nữ,1,1046000.0,7,Kim Cương,1,2,1
29,Nữ,1,658000.0,1,Đồng,1,3,1
35,Nam,3,1068000.0,10,Kim Cương,1,4,1
26,Nam,1,798000.0,8,Bạc,1,3,1
22,Nữ,1,596000.0,1,Đồng,1,2,1
29,Nam,1,689000.0,1,Đồng,0,3,1
21,Nam,1,566000.0,1,Đồng,1,2,0
23,Nam,2,712000.0,2,Đồng,0,2,1
29,Nữ,1,1162000.0,11,Kim Cương,1,4,0
45,Nam,2,979000.0,1,Vàng,1,4,1
21,Nữ,2,704000.0,2,Đồng,1,3,0
37,Nữ,1,1131000.0,8,Kim Cương,1,4,1
26,Nữ,1,645000.0,2,Đồng,1,5,1
39,Nam,11,1180000.0,10,Kim Cương,1,4,1
47,Nam,5,836000.0,4,Vàng,1,2,1
28,Nữ,5,657000.0,10,Đồng,1,4,1
30,Nam,1,554000.0,2,Đồng,0,3,1
36,Nam,14,1144000.0,13,Kim Cương,1,5,1
31,Nam,1,629000.0,8,Đồng,0,4,1
25,Nam,2,642000.0,2,Đồng,1,3,1
34,Nữ,1,636000.0,1,Đồng,0,4,1
34,Nữ,15,857000.0,17,Vàng,1,2,1
30,Nữ,5,658000.0,12,Bạc,1,4,1
26,Nữ,1,740000.0,5,Bạc,0,2,0
23,Nam,2,624000.0,2,Đồng,1,2,1
39,Nữ,7,621000.0,7,Đồng,1,3,1
24,Nữ,1,740000.0,7,Đồng,1,3,1
20,Nữ,7,622000.0,7,Đồng,1,3,0
28,Nam,1,552000.0,2,Đồng,0,5,1
29,Nữ,2,657000.0,1,Đồng,1,4,1
24,Nam,1,744000.0,8,Bạc,0,2,1
35,Nữ,1,1228000.0,1,Kim Cương,1,4,1
29,Nữ,15,1063000.0,2,Kim Cương,1,4,1
45,Nam,2,576000.0,2,Đồng,1,3,1
23,Nam,1,746000.0,1,Đồng,1,3,0
21,Nam,1,640000.0,3,Đồng,0,5,0
24,Nữ,6,648000.0,7,Đồng,1,2,1
29,Nữ,1,727000.0,7,Bạc,0,3,1
37,Nữ,5,610000.0,7,Đồng,1,5,1
20,Nữ,7,699000.0,5,Bạc,1,2,1
40,Nữ,1,1025000.0,2,Kim Cương,1,5,1
24,Nam,1,791000.0,1,Vàng,0,4,0
31,Nam,7,875000.0,7,Bạc,1,4,0
24,Nữ,1,1046000.0,3,Vàng,0,5,1
30,Nam,1,630000.0,7,Đồng,0,3,1
22,Nữ,9,920000.0,6,Vàng,1,3,1
34,Nam,11,712000.0,9,Bạc,1,4,1
29,Nữ,2,559000.0,2,Đồng,1,4,0
28,Nam,1,576000.0,2,Đồng,1,5,0
35,Nam,2,1087000.0,10,Kim Cương,1,3,1
45,Nữ,9,1144000.0,11,Kim Cương,1,3,1
43,Nam,7,1176000.0,7,Kim Cương,1,4,1
33,Nam,1,673000.0,1,Đồng,1,3,1
26,Nam,1,757000.0,6,Bạc,1,2,1
32,Nam,8,664000.0,8,Đồng,1,2,1
33,Nữ,1,706000.0,7,Đồng,0,5,1
29,Nam,1,621000.0,1,Đồng,1,3,1
42,Nam,2,934000.0,10,Vàng,1,4,1
32,Nữ,1,766000.0,7,Bạc,0,5,1
26,Nữ,9,696000.0,6,Bạc,1,5,1
20,Nam,1,602000.0,2,Đồng,1,2,1
40,Nữ,5,850000.0,9,Vàng,1,5,0
31,Nam,1,726000.0,3,Đồng,1,4,1
29,Nữ,6,708000.0,13,Đồng,1,5,1
38,Nam,1,738000.0,8,Bạc,1,2,1
21,Nữ,1,611000.0,1,Đồng,1,2,1
42,Nữ,1,981000.0,3,Vàng,0,4,1
28,Nữ,1,597000.0,1,Đồng,1,2,1
27,Nữ,1,672000.0,1,Bạc,1,2,1
21,Nam,1,782000.0,1,Đồng,1,2,1
36,Nam,2,1013000.0,8,Vàng,1,3,0
44,Nam,2,929000.0,9,Vàng,1,4,1
28,Nữ,1,685000.0,1,Đồng,1,3,1
33,Nữ,11,824000.0,8,Bạc,1,3,1
25,Nam,7,689000.0,7,Bạc,0,3,1
22,Nữ,1,619000.0,1,Đồng,0,2,0
20,Nữ,3,738000.0,2,Đồng,1,3,0
30,Nam,1,569000.0,3,Đồng,0,3,1
30,Nữ,4,699000.0,11,Bạc,1,2,1
22,Nam,1,636000.0,4,Đồng,1,5,1
24,Nam,6,743000.0,7,Bạc,1,3,0
35,Nam,1,696000.0,4,Bạc,0,2,1
40,Nam,3,824000.0,2,Vàng,0,4,1
31,Nữ,3,705000.0,3,Bạc,0,2,1
30,Nam,1,641000.0,3,Đồng,1,3,1
25,Nam,1,835000.0,2,Vàng,1,2,1
27,Nam,1,645000.0,2,Đồng,0,4,1
31,Nam,1,984000.0,5,Vàng,0,3,1
22,Nam,1,684000.0,2,Bạc,0,3,1
39,Nữ,2,909000.0,2,Vàng,0,3,1
36,Nữ,1,661000.0,8,Đồng,1,3,1
21,Nữ,4,670000.0,4,Bạc,1,2,1
23,Nữ,7,592000.0,7,Đồng,1,3,0
19,Nam,1,625000.0,1,Đồng,0,2,1
34,Nữ,1,1068000.0,9,Kim Cương,1,5,1
39,Nữ,1,609000.0,4,Đồng,1,5,1
32,Nữ,1,706000.0,2,Đồng,0,3,1
29,Nam,2,785000.0,2,Vàng,0,2,1
21,Nam,1,588000.0,2,Đồng,1,2,1
26,Nam,1,614000.0,7,Đồng,1,5,1
23,Nam,1,771000.0,9,Bạc,0,5,1
20,Nam,1,757000.0,3,Đồng,0,5,0
21,Nữ,7,742000.0,7,Bạc,1,2,0
45,Nữ,12,1159000.0,7,Kim Cương,1,2,1
47,Nữ,1,1175000.0,5,Kim Cương,1,5,1
44,Nam,2,986000.0,1,Vàng,1,2,1
27,Nữ,1,857000.0,1,Vàng,0,4,1
30,Nữ,1,543000.0,1,Đồng,1,3,0
23,Nữ,1,683000.0,2,Đồng,1,5,1
25,Nữ,1,1011000.0,1,Kim Cương,1,4,1
27,Nam,1,626000.0,3,Đồng,1,5,1
30,Nữ,1,540000.0,1,Đồng,0,4,0
27,Nam,1,597000.0,4,Đồng,1,5,1
27,Nam,1,746000.0,8,Bạc,1,2,1
26,Nữ,1,696000.0,2,Bạc,1,5,1
35,Nam,1,609000.0,2,Đồng,1,2,1
22,Nam,2,641000.0,2,Đồng,1,5,0
29,Nam,1,642000.0,3,Đồng,1,3,1
27,Nữ,1,716000.0,1,Đồng,1,5,1
38,Nữ,5,1154000.0,6,Kim Cương,1,3,1
22,Nữ,1,633000.0,3,Đồng,1,3,1
24,Nam,1,795000.0,3,Vàng,1,2,1
25,Nữ,1,680000.0,2,Đồng,1,4,1
28,Nam,1,568000.0,3,Đồng,1,3,1
31,Nam,1,612000.0,7,Đồng,1,3,1
23,Nam,9,935000.0,9,Vàng,1,2,1
29,Nam,4,808000.0,3,Vàng,0,1,0
24,Nữ,1,782000.0,1,Đồng,0,5,0
22,Nữ,4,723000.0,7,Bạc,1,4,0
38,Nam,1,937000.0,7,Vàng,0,5,1
26,Nữ,1,657000.0,2,Đồng,0,4,1
21,Nam,2,634000.0,2,Đồng,1,1,0
36,Nam,1,890000.0,2,Vàng,1,1,1
41,Nam,2,661000.0,2,Bạc,1,5,1
19,Nữ,2,633000.0,2,Đồng,1,3,0
33,Nam,2,925000.0,8,Vàng,1,4,1
22,Nam,1,861000.0,3,Bạc,1,5,1
38,Nam,1,631000.0,3,Đồng,0,3,1
42,Nam,8,1031000.0,8,Kim Cương,1,4,1
40,Nam,1,743000.0,2,Bạc,0,3,1
34,Nam,1,605000.0,2,Đồng,0,3,1
35,Nam,1,624000.0,3,Đồng,1,4,1
25,Nam,1,670000.0,3,Đồng,0,5,1
29,Nam,3,742000.0,12,Đồng,1,5,1
22,Nam,2,715000.0,2,Bạc,0,3,1
33,Nữ,5,633000.0,8,Đồng,1,1,1
35,Nữ,1,653000.0,1,Đồng,1,3,1
27,Nam,1,556000.0,1,Đồng,0,3,1
59,Nam,2,837000.0,8,Đồng,1,3,1
41,Nam,1,865000.0,7,Vàng,0,4,1
27,Nam,6,1074000.0,9,Kim Cương,1,5,1
20,Nam,1,638000.0,2,Đồng,1,3,0
21,Nữ,1,669000.0,1,Bạc,0,4,0
21,Nữ,10,812000.0,10,Đồng,1,4,0
27,Nam,1,592000.0,1,Đồng,1,3,1
21,Nam,1,587000.0,1,Đồng,0,5,0
29,Nữ,1,580000.0,1,Đồng,0,4,1
38,Nam,2,917000.0,2,Vàng,0,3,1
23,Nam,1,806000.0,4,Bạc,1,3,1
29,Nam,1,701000.0,3,Đồng,0,3,1
43,Nam,1,689000.0,2,Đồng,0,3,1
24,Nữ,1,608000.0,2,Đồng,0,4,1
38,Nữ,1,722000.0,2,Đồng,1,3,1
23,Nam,1,567000.0,1,Đồng,0,5,0
29,Nam,1,580000.0,1,Đồng,0,3,1
20,Nam,1,687000.0,3,Đồng,1,5,1
40,Nữ,1,848000.0,2,Đồng,1,5,1
22,Nữ,1,617000.0,2,Đồng,0,4,1
21,Nam,1,740000.0,7,Bạc,1,4,1
26,Nam,1,779000.0,1,Bạc,0,3,1
26,Nam,1,1055000.0,3,Vàng,0,1,1
44,Nữ,2,1133000.0,12,Kim Cương,1,1,1
23,Nam,1,591000.0,7,Đồng,0,5,0
35,Nam,14,1037000.0,17,Kim Cương,1,5,1
28,Nữ,2,858000.0,2,Bạc,0,4,1
39,Nữ,5,1031000.0,1,Kim Cương,1,4,1
29,Nữ,3,880000.0,3,Bạc,1,4,1
27,Nam,1,603000.0,2,Đồng,1,3,1
30,Nam,1,595000.0,1,Đồng,1,5,0
25,Nam,8,757000.0,6,Bạc,1,3,1
22,Nữ,7,631000.0,7,Đồng,1,3,0
41,Nam,2,976000.0,9,Vàng,1,1,1
30,Nam,5,769000.0,7,Đồng,0,3,1
35,Nam,1,685000.0,1,Đồng,1,4,1
32,Nam,3,712000.0,7,Đồng,0,1,1
25,Nữ,1,826000.0,7,Vàng,0,5,1
29,Nam,1,653000.0,2,Đồng,0,4,1
27,Nam,1,688000.0,3,Đồng,1,1,1
33,Nam,13,854000.0,9,Vàng,1,1,1
35,Nam,7,675000.0,1,Bạc,1,5,1
26,Nam,5,667000.0,7,Bạc,1,3,1
32,Nam,7,1161000.0,7,Kim Cương,1,1,1
28,Nam,1,603000.0,1,Đồng,0,5,1
33,Nam,2,720000.0,2,Đồng,1,1,1
34,Nam,7,738000.0,7,Bạc,1,4,1
27,Nữ,4,743000.0,2,Đồng,1,3,1
25,Nữ,2,688000.0,5,Bạc,1,4,1
26,Nam,1,720000.0,2,Đồng,0,1,1
38,Nữ,7,736000.0,7,Bạc,1,3,1
21,Nam,1,668000.0,1,Đồng,1,3,1
27,Nam,2,720000.0,2,Bạc,1,5,1
18,Nam,6,796000.0,7,Vàng,1,5,0
34,Nam,1,679000.0,2,Bạc,0,3,1
29,Nam,1,683000.0,2,Đồng,0,5,1
26,Nam,1,796000.0,3,Vàng,0,4,1
29,Nữ,1,566000.0,1,Đồng,1,5,0
35,Nữ,1,885000.0,9,Vàng,1,1,0
24,Nam,1,640000.0,4,Đồng,0,4,0
26,Nam,1,661000.0,2,Đồng,1,5,1
38,Nữ,7,576000.0,6,Đồng,1,5,1
27,Nam,1,610000.0,1,Đồng,0,1,1
44,Nam,2,1172000.0,13,Kim Cương,1,1,1
29,Nam,2,750000.0,1,Bạc,1,1,1
30,Nữ,1,701000.0,1,Đồng,1,1,1
32,Nam,7,803000.0,7,Vàng,1,4,1
29,Nữ,1,634000.0,2,Đồng,0,4,1
30,Nữ,1,733000.0,1,Bạc,1,3,1
24,Nam,1,741000.0,5,Đồng,0,5,1
30,Nữ,1,757000.0,4,Bạc,1,3,1
33,Nam,7,749000.0,6,Bạc,1,3,1
22,Nam,1,888000.0,3,Vàng,0,1,1
42,Nam,1,1164000.0,1,Kim Cương,0,3,1
26,Nam,2,626000.0,2,Đồng,1,3,1
31,Nam,1,693000.0,2,Bạc,1,5,1
31,Nam,1,1173000.0,1,Kim Cương,1,1,1
25,Nam,6,684000.0,8,Đồng,1,3,1
28,Nam,7,692000.0,7,Đồng,1,3,1
33,Nữ,1,693000.0,2,Đồng,0,5,1
32,Nam,1,656000.0,2,Đồng,1,4,1
28,Nam,1,676000.0,1,Đồng,1,1,1
38,Nam,1,1107000.0,12,Kim Cương,1,5,1
21,Nam,1,652000.0,1,Đồng,0,4,0
21,Nữ,1,620000.0,3,Đồng,0,3,1
40,Nam,12,905000.0,3,Vàng,1,3,1
26,Nữ,1,681000.0,2,Đồng,1,1,1
35,Nữ,1,1140000.0,10,Kim Cương,1,1,1
28,Nam,1,569000.0,1,Đồng,0,4,1
35,Nữ,1,715000.0,4,Bạc,1,5,1
34,Nam,4,685000.0,5,Đồng,0,5,1
24,Nam,1,686000.0,3,Bạc,0,5,1
27,Nữ,1,649000.0,1,Đồng,0,3,1
23,Nam,7,666000.0,2,Đồng,1,1,1
40,Nữ,1,633000.0,4,Đồng,0,5,1
29,Nam,7,687000.0,7,Bạc,1,5,1
20,Nam,1,615000.0,7,Đồng,0,5,1
27,Nam,1,652000.0,10,Bạc,0,5,1
23,Nữ,1,315000.0,1,Đồng,1,5,1
21,Nam,2,690000.0,2,Đồng,1,1,1
28,Nữ,1,550000.0,1,Đồng,0,1,0
37,Nữ,1,1174000.0,1,Kim Cương,1,3,1
32,Nam,1,643000.0,7,Đồng,0,3,1
31,Nữ,14,849000.0,12,Vàng,1,3,1
29,Nữ,2,633000.0,9,Đồng,1,3,1
29,Nam,1,760000.0,2,Bạc,0,3,1
33,Nữ,3,676000.0,8,Đồng,1,3,1
35,Nữ,3,790000.0,9,Bạc,1,1,1
31,Nữ,1,853000.0,2,Bạc,1,3,1
23,Nam,6,905000.0,1,Vàng,1,5,0
28,Nữ,7,611000.0,7,Đồng,1,4,1
35,Nữ,3,799000.0,3,Bạc,1,1,1
34,Nam,1,669000.0,2,Bạc,1,1,1
38,Nam,2,1181000.0,2,Vàng,1,1,1
22,Nam,2,704000.0,2,Bạc,1,1,0
20,Nữ,1,635000.0,3,Đồng,1,1,1
20,Nữ,1,688000.0,2,Đồng,0,3,1
20,Nam,1,598000.0,2,Đồng,0,1,1
31,Nam,1,599000.0,3,Đồng,0,5,0
21,Nam,1,673000.0,4,Bạc,1,3,1
30,Nữ,1,756000.0,2,Bạc,1,5,1
21,Nam,1,742000.0,7,Bạc,0,3,1
34,Nam,1,804000.0,1,Bạc,1,4,1
40,Nữ,1,1085000.0,2,Kim Cương,1,4,1
38,Nữ,2,970000.0,11,Vàng,1,5,1
20,Nữ,2,694000.0,2,Đồng,0,3,1
29,Nữ,7,674000.0,9,Bạc,1,4,1
28,Nam,1,549000.0,3,Đồng,0,4,1
38,Nữ,2,1052000.0,12,Vàng,1,3,1
28,Nữ,1,685000.0,2,Đồng,1,3,1
28,Nam,1,839000.0,4,Bạc,1,5,1
44,Nữ,4,1253000.0,7,Kim Cương,1,3,1
33,Nam,6,1243000.0,11,Kim Cương,1,3,1
21,Nam,6,827000.0,7,Đồng,1,1,0
30,Nam,2,697000.0,9,Đồng,1,1,1
25,Nam,1,649000.0,9,Đồng,0,4,1
25,Nam,1,706000.0,4,Bạc,1,1,1
27,Nam,1,690000.0,6,Bạc,0,4,1
24,Nữ,1,660000.0,2,Bạc,0,1,1
40,Nữ,2,643000.0,2,Đồng,1,5,1
32,Nữ,3,728000.0,3,Đồng,1,4,1
35,Nữ,2,1041000.0,2,Vàng,0,4,1
40,Nam,2,1022000.0,1,Vàng,1,3,1
33,Nam,1,787000.0,2,Bạc,0,3,1
19,Nam,1,572000.0,2,Đồng,0,5,1
27,Nữ,1,867000.0,2,Bạc,0,1,1
29,Nam,1,701000.0,2,Bạc,1,3,1
33,Nữ,2,692000.0,2,Đồng,1,1,1
23,Nam,1,613000.0,2,Đồng,1,3,0
32,Nữ,1,711000.0,1,Đồng,0,3,1
42,Nam,1,769000.0,2,Bạc,0,1,1
29,Nữ,7,570000.0,7,Đồng,1,3,0
30,Nam,1,545000.0,1,Đồng,1,4,0
23,Nam,5,702000.0,7,Đồng,1,1,1
47,Nam,1,613000.0,2,Đồng,1,4,1
27,Nam,4,658000.0,13,Đồng,1,1,1
47,Nam,1,968000.0,1,Vàng,0,1,1
27,Nam,2,655000.0,13,Đồng,1,4,1
27,Nam,1,835000.0,3,Vàng,0,1,1
26,Nữ,8,594000.0,7,Đồng,1,1,1
28,Nam,1,708000.0,2,Đồng,1,1,0
39,Nữ,6,857000.0,7,Bạc,1,1,1
30,Nam,1,688000.0,4,Đồng,1,1,1
34,Nam,8,826000.0,8,Bạc,0,1,1
24,Nam,1,701000.0,4,Đồng,0,3,1
28,Nam,8,796000.0,7,Vàng,1,3,1
24,Nữ,1,670000.0,2,Đồng,1,3,1
27,Nữ,6,689000.0,7,Đồng,1,1,1
32,Nam,14,1009000.0,4,Vàng,1,3,1
29,Nam,1,535000.0,1,Đồng,0,3,0
29,Nam,14,899000.0,3,Vàng,1,3,0
28,Nam,1,619000.0,2,Đồng,0,3,1
37,Nữ,8,1020000.0,6,Kim Cương,1,4,1
26,Nam,1,625000.0,3,Đồng,0,3,1
25,Nam,1,641000.0,3,Đồng,0,3,1
33,Nam,1,811000.0,2,Bạc,0,4,1
32,Nữ,1,769000.0,1,Bạc,0,5,1
22,Nam,1,640000.0,2,Đồng,1,5,1
35,Nam,1,708000.0,9,Bạc,1,4,1
27,Nam,1,780000.0,7,Bạc,0,3,1
23,Nam,1,592000.0,8,Đồng,0,1,1
37,Nam,1,644000.0,1,Đồng,0,4,1
36,Nam,1,832000.0,3,Vàng,0,1,1
21,Nam,2,711000.0,2,Bạc,1,5,0
21,Nam,1,761000.0,1,Bạc,0,4,0
21,Nữ,1,620000.0,2,Đồng,1,4,1
26,Nữ,1,788000.0,4,Bạc,1,1,1
30,Nam,5,752000.0,8,Bạc,1,1,1
25,Nam,1,823000.0,2,Vàng,1,3,1
31,Nam,12,1180000.0,8,Kim Cương,1,4,1
37,Nữ,1,947000.0,3,Vàng,1,3,1
25,Nữ,1,719000.0,7,Đồng,0,5,1
26,Nam,2,599000.0,1,Đồng,1,1,1
29,Nữ,1,555000.0,2,Đồng,1,1,0
24,Nam,1,872000.0,2,Bạc,0,3,1
22,Nữ,1,595000.0,4,Đồng,1,1,1
22,Nữ,2,603000.0,2,Đồng,1,4,0
25,Nam,1,701000.0,2,Bạc,0,3,1
23,Nam,1,713000.0,7,Bạc,0,5,1
25,Nam,1,624000.0,2,Đồng,0,1,1
24,Nữ,1,710000.0,7,Bạc,0,4,1
40,Nữ,1,644000.0,4,Đồng,0,1,1
20,Nữ,1,894000.0,1,Bạc,0,5,0
29,Nữ,1,609000.0,5,Đồng,0,4,1
22,Nam,1,776000.0,1,Bạc,1,3,0
28,Nữ,1,582000.0,1,Đồng,0,5,1
21,Nam,1,729000.0,7,Bạc,1,3,1
24,Nam,1,617000.0,7,Đồng,1,4,1
31,Nam,1,746000.0,1,Bạc,0,1,1
28,Nam,1,638000.0,1,Đồng,1,3,0
33,Nam,1,739000.0,4,Đồng,1,4,1
44,Nam,1,1109000.0,1,Kim Cương,1,5,1
27,Nam,1,643000.0,7,Đồng,0,4,1
31,Nam,1,693000.0,4,Đồng,1,5,1
30,Nam,1,658000.0,7,Đồng,1,3,1
42,Nữ,1,1035000.0,3,Vàng,0,3,1
35,Nam,1,628000.0,8,Đồng,0,1,1
27,Nữ,2,693000.0,2,Bạc,1,1,1
24,Nam,1,601000.0,1,Đồng,1,4,0
30,Nữ,1,603000.0,4,Đồng,0,3,1
22,Nữ,1,652000.0,1,Đồng,0,5,0
26,Nữ,5,705000.0,7,Bạc,1,1,1
40,Nữ,2,905000.0,3,Vàng,1,3,1
34,Nam,1,664000.0,3,Đồng,0,4,1
36,Nam,2,1163000.0,2,Kim Cương,1,1,1
28,Nam,5,781000.0,7,Bạc,1,5,1
27,Nam,2,575000.0,3,Đồng,1,4,0
26,Nam,4,645000.0,7,Đồng,1,4,1
21,Nam,7,776000.0,7,Bạc,0,1,0
26,Nam,7,706000.0,6,Đồng,1,5,1
28,Nam,1,550000.0,3,Đồng,0,1,1
31,Nam,2,1066000.0,2,Vàng,1,3,1
37,Nam,2,801000.0,2,Bạc,1,4,1
30,Nữ,1,683000.0,2,Đồng,1,5,1
33,Nam,1,767000.0,1,Bạc,1,5,1
28,Nam,1,714000.0,7,Bạc,0,1,1
31,Nam,3,598000.0,8,Đồng,1,4,1
22,Nam,1,746000.0,7,Bạc,0,5,0
20,Nam,1,680000.0,8,Đồng,0,5,0
32,Nam,2,722000.0,2,Đồng,1,1,1
35,Nam,1,593000.0,2,Đồng,0,3,1
33,Nam,1,720000.0,2,Bạc,1,4,1
33,Nữ,13,849000.0,5,Vàng,0,3,1
22,Nữ,1,839000.0,2,Vàng,0,3,1
29,Nữ,1,554000.0,4,Đồng,0,4,0
28,Nữ,3,936000.0,7,Vàng,1,4,0
30,Nữ,1,783000.0,3,Bạc,0,1,1
25,Nam,4,853000.0,8,Bạc,0,3,1
47,Nam,14,330000.0,14,Đồng,1,4,1
31,Nam,1,647000.0,3,Đồng,1,3,1
37,Nữ,14,831000.0,10,Vàng,1,4,1
32,Nữ,7,642000.0,7,Đồng,1,5,1
44,Nữ,1,764000.0,7,Bạc,1,1,1
26,Nữ,2,838000.0,2,Vàng,1,5,1
25,Nữ,1,810000.0,2,Đồng,1,5,1
30,Nữ,1,793000.0,3,Bạc,0,1,1
23,Nam,1,665000.0,2,Đồng,0,1,1
46,Nam,2,1035000.0,2,Vàng,1,3,1
28,Nữ,1,608000.0,1,Đồng,1,3,1
21,Nam,1,670000.0,1,Đồng,1,5,0
22,Nam,2,620000.0,1,Đồng,1,5,0
34,Nữ,5,815000.0,7,Bạc,1,3,1
29,Nữ,1,873000.0,1,Bạc,0,4,1
32,Nam,7,802000.0,7,Bạc,1,1,1
21,Nữ,1,606000.0,2,Đồng,1,1,1
23,Nam,3,637000.0,10,Đồng,1,1,1
26,Nam,1,664000.0,1,Đồng,1,1,1
33,Nam,3,744000.0,3,Đồng,1,3,1
31,Nữ,2,567000.0,1,Đồng,1,3,1
37,Nam,4,804000.0,7,Bạc,1,1,1
19,Nam,2,632000.0,2,Đồng,0,1,1
24,Nam,1,779000.0,6,Bạc,1,3,1
31,Nam,1,642000.0,1,Đồng,1,3,1
22,Nam,2,817000.0,2,Vàng,1,4,0
36,Nữ,2,923000.0,8,Vàng,1,5,1
21,Nữ,5,748000.0,8,Đồng,1,3,1
25,Nam,1,575000.0,1,Đồng,1,4,1
35,Nữ,6,1166000.0,14,Kim Cương,1,3,1
38,Nam,12,1174000.0,9,Kim Cương,1,4,1
21,Nam,1,758000.0,1,Đồng,1,1,0
31,Nữ,1,869000.0,7,Bạc,0,4,0
22,Nữ,7,758000.0,3,Đồng,1,5,1
32,Nam,2,655000.0,2,Đồng,1,1,1
46,Nam,1,705000.0,4,Đồng,0,1,1
23,Nữ,1,696000.0,1,Đồng,1,4,1
21,Nam,1,550000.0,1,Đồng,0,1,0
22,Nam,1,744000.0,1,Đồng,1,4,0
28,Nữ,1,697000.0,7,Bạc,1,3,1
23,Nam,1,619000.0,2,Đồng,0,3,1
27,Nam,1,826000.0,1,Vàng,0,1,1
28,Nam,1,596000.0,2,Đồng,0,5,1
29,Nam,1,787000.0,4,Đồng,0,5,1
27,Nữ,1,638000.0,2,Đồng,1,4,1
35,Nữ,3,704000.0,8,Bạc,0,1,1
29,Nam,1,759000.0,8,Đồng,1,1,1
31,Nam,11,1023000.0,16,Kim Cương,1,5,1
21,Nữ,1,609000.0,1,Đồng,0,3,1
22,Nữ,1,738000.0,7,Bạc,0,3,1
38,Nữ,4,1035000.0,7,Kim Cương,1,1,1
35,Nam,2,706000.0,2,Đồng,1,5,1
30,Nam,3,739000.0,1,Đồng,1,5,0
37,Nam,1,643000.0,1,Đồng,0,1,0
29,Nam,1,736000.0,3,Bạc,1,4,1
30,Nữ,1,776000.0,4,Đồng,1,4,1
33,Nam,2,942000.0,7,Vàng,1,5,1
24,Nữ,1,696000.0,4,Bạc,0,1,1
28,Nữ,1,759000.0,1,Bạc,0,1,1
26,Nữ,2,627000.0,2,Đồng,1,3,1
23,Nam,7,671000.0,7,Đồng,1,1,1
36,Nam,1,673000.0,3,Bạc,1,3,1
24,Nam,1,706000.0,9,Bạc,0,3,1
21,Nam,1,719000.0,7,Bạc,0,1,1
22,Nam,1,610000.0,1,Đồng,1,5,0
32,Nữ,1,789000.0,2,Bạc,0,3,1
31,Nam,1,556000.0,2,Đồng,1,4,1
27,Nam,6,729000.0,11,Bạc,1,1,1
25,Nữ,2,800000.0,2,Vàng,1,3,0
37,Nam,1,765000.0,7,Bạc,0,4,1
44,Nữ,1,732000.0,1,Bạc,0,5,1
30,Nam,7,860000.0,9,Bạc,1,5,1
27,Nữ,1,628000.0,7,Đồng,1,4,1
46,Nữ,1,1087000.0,1,Kim Cương,1,1,1
20,Nữ,1,608000.0,3,Đồng,0,3,0
33,Nam,1,758000.0,3,Đồng,1,1,1
41,Nam,4,1158000.0,3,Kim Cương,1,1,1
35,Nam,1,663000.0,1,Đồng,0,1,1
22,Nữ,1,592000.0,1,Đồng,1,4,0
28,Nam,1,240000.0,4,Đồng,0,5,1
29,Nam,1,599000.0,4,Đồng,0,3,1
25,Nam,2,613000.0,3,Đồng,0,5,1
30,Nam,1,740000.0,2,Đồng,1,4,1
30,Nam,2,951000.0,1,Vàng,1,1,1
29,Nam,1,866000.0,1,Bạc,1,3,1
22,Nam,7,607000.0,6,Đồng,1,5,1
24,Nam,1,672000.0,2,Bạc,1,5,1
22,Nữ,1,803000.0,2,Bạc,0,1,1
22,Nam,8,795000.0,7,Đồng,1,5,1
24,Nam,1,576000.0,3,Đồng,0,1,0
30,Nam,1,621000.0,1,Đồng,0,5,1
27,Nữ,1,652000.0,9,Bạc,1,1,1
20,Nam,1,661000.0,7,Đồng,0,1,1
28,Nam,1,990000.0,1,Vàng,0,1,1
19,Nam,1,665000.0,8,Bạc,0,1,0
35,Nam,2,849000.0,2,Vàng,1,5,0
44,Nữ,2,578000.0,3,Đồng,0,3,1
27,Nam,2,811000.0,8,Bạc,1,3,1
33,Nam,1,815000.0,9,Bạc,1,3,1
31,Nam,1,581000.0,2,Đồng,1,4,1
44,Nam,1,1173000.0,4,Kim Cương,1,4,1
27,Nữ,1,521000.0,1,Đồng,1,1,1
32,Nam,2,927000.0,10,Vàng,1,5,1
37,Nam,3,639000.0,7,Đồng,1,3,1
26,Nữ,4,973000.0,3,Vàng,1,3,1
43,Nữ,1,747000.0,4,Đồng,0,5,1
23,Nam,1,648000.0,2,Đồng,1,3,1
22,Nam,1,600000.0,4,Đồng,1,1,1
33,Nữ,9,687000.0,4,Bạc,1,3,1
31,Nữ,5,712000.0,10,Bạc,1,4,1
29,Nữ,1,600000.0,2,Đồng,0,4,1
21,Nam,1,635000.0,7,Đồng,0,4,1
22,Nam,1,732000.0,2,Đồng,0,3,1
39,Nam,12,941000.0,11,Bạc,1,3,1
29,Nam,1,564000.0,1,Đồng,0,3,1
32,Nam,5,687000.0,8,Đồng,1,4,1
22,Nam,1,703000.0,2,Đồng,1,3,1
33,Nam,7,655000.0,7,Bạc,1,3,1
35,Nam,1,748000.0,2,Bạc,0,5,1
33,Nam,1,739000.0,1,Đồng,0,1,1
37,Nữ,5,973000.0,3,Vàng,0,4,1
27,Nam,2,570000.0,2,Đồng,0,3,1
22,Nam,1,608000.0,2,Đồng,0,3,1
26,Nam,1,768000.0,8,Bạc,0,3,1
24,Nữ,8,233000.0,1,Đồng,1,1,1
24,Nữ,4,606000.0,1,Đồng,1,4,1
31,Nam,1,682000.0,1,Đồng,0,1,1
30,Nam,2,603000.0,2,Đồng,0,4,1
28,Nam,1,646000.0,7,Đồng,1,1,1
32,Nữ,2,923000.0,11,Vàng,1,3,1
23,Nữ,5,939000.0,7,Vàng,1,1,1
28,Nữ,2,1135000.0,8,Vàng,0,1,1
21,Nữ,1,807000.0,4,Đồng,1,3,1
43,Nam,1,656000.0,1,Đồng,1,1,1
33,Nam,1,578000.0,2,Đồng,0,1,1
22,Nam,1,561000.0,2,Đồng,1,5,1
33,Nam,1,1167000.0,3,Kim Cương,0,1,1
30,Nam,1,662000.0,1,Đồng,1,5,0
30,Nữ,3,850000.0,4,Bạc,1,1,1
27,Nữ,1,679000.0,2,Bạc,1,4,1
47,Nam,1,837000.0,9,Bạc,0,3,1
22,Nam,2,683000.0,2,Đồng,1,1,0
34,Nam,4,1089000.0,14,Kim Cương,1,3,1
38,Nam,9,560000.0,8,Đồng,1,3,0
30,Nữ,2,1099000.0,10,Vàng,1,4,1
26,Nữ,1,850000.0,7,Bạc,1,3,1
28,Nam,11,853000.0,11,Bạc,1,1,1
31,Nam,1,771000.0,4,Vàng,0,4,1
24,Nam,1,608000.0,2,Đồng,1,5,1
28,Nữ,1,843000.0,7,Vàng,1,1,1
30,Nữ,1,656000.0,9,Bạc,0,1,1
32,Nam,1,715000.0,1,Bạc,1,3,0
28,Nữ,1,728000.0,1,Bạc,1,1,1
36,Nữ,1,700000.0,1,Đồng,1,3,1
33,Nam,2,620000.0,2,Đồng,0,3,1
28,Nam,1,712000.0,2,Bạc,1,3,1
28,Nữ,1,594000.0,2,Đồng,1,3,1
29,Nữ,1,595000.0,1,Đồng,0,1,1
22,Nam,1,644000.0,3,Đồng,1,4,1
23,Nữ,1,651000.0,4,Đồng,0,5,1
32,Nam,2,862000.0,1,Vàng,0,5,0
31,Nữ,9,870000.0,3,Vàng,1,1,1
26,Nam,1,923000.0,7,Vàng,0,5,1
20,Nữ,1,685000.0,1,Đồng,0,3,1
27,Nam,1,657000.0,3,Đồng,0,1,1
29,Nam,1,865000.0,7,Vàng,1,5,1
21,Nam,1,817000.0,3,Bạc,1,4,1
38,Nam,1,702000.0,8,Bạc,1,4,1
29,Nam,1,641000.0,2,Đồng,0,3,1
25,Nữ,1,677000.0,5,Bạc,0,1,0
38,Nam,1,829000.0,7,Bạc,0,4,1
28,Nam,1,612000.0,1,Đồng,0,3,0
25,Nữ,3,578000.0,1,Đồng,1,3,1
24,Nam,2,611000.0,2,Đồng,1,4,1
25,Nam,3,613000.0,6,Đồng,1,1,1
45,Nữ,1,705000.0,1,Đồng,0,5,1
24,Nam,1,736000.0,1,Đồng,1,3,1
30,Nam,1,940000.0,8,Vàng,1,3,1
27,Nam,7,683000.0,7,Bạc,0,3,1
27,Nam,1,593000.0,3,Đồng,1,4,1
20,Nữ,1,634000.0,8,Đồng,1,3,1
24,Nam,4,668000.0,3,Đồng,1,3,1
27,Nam,1,570000.0,2,Đồng,0,1,1
28,Nam,1,595000.0,3,Đồng,0,3,0
25,Nữ,8,804000.0,8,Vàng,1,5,1
28,Nam,1,606000.0,5,Đồng,1,4,1
21,Nam,1,609000.0,1,Đồng,0,1,1
46,Nữ,2,1054000.0,7,Vàng,0,1,1
30,Nam,1,611000.0,2,Đồng,0,1,1
21,Nữ,1,718000.0,3,Đồng,0,3,1
21,Nam,1,774000.0,3,Đồng,0,5,0
26,Nữ,2,869000.0,3,Vàng,0,4,1
26,Nam,1,569000.0,1,Đồng,1,1,1
22,Nam,1,580000.0,3,Đồng,0,5,0
43,Nữ,4,1096000.0,8,Kim Cương,1,3,1
21,Nữ,6,775000.0,7,Đồng,0,5,0
32,Nam,4,703000.0,2,Bạc,1,4,1
34,Nữ,5,858000.0,17,Vàng,0,1,1
36,Nữ,2,1106000.0,1,Kim Cương,1,5,1
27,Nam,1,565000.0,1,Đồng,0,1,1
36,Nam,1,722000.0,3,Bạc,0,1,1
29,Nam,1,586000.0,8,Đồng,0,3,1
28,Nam,1,597000.0,1,Đồng,0,1,0
29,Nam,2,633000.0,1,Đồng,0,1,0
35,Nữ,1,585000.0,4,Đồng,1,3,1
33,Nam,1,616000.0,2,Đồng,1,3,0
28,Nữ,2,579000.0,2,Đồng,1,1,1
29,Nữ,1,639000.0,1,Đồng,1,5,1
28,Nữ,1,777000.0,3,Bạc,0,5,1
29,Nam,1,562000.0,1,Đồng,1,1,1
21,Nữ,1,590000.0,1,Đồng,1,5,1
30,Nam,1,573000.0,1,Đồng,0,3,0
20,Nam,1,824000.0,7,Vàng,1,3,1
25,Nữ,3,793000.0,7,Đồng,1,1,1
24,Nữ,15,1170000.0,8,Kim Cương,1,3,0
25,Nam,8,766000.0,7,Đồng,0,3,1
31,Nam,1,732000.0,1,Đồng,0,4,1
36,Nam,1,820000.0,8,Bạc,1,1,1
29,Nam,1,678000.0,1,Đồng,1,1,1
31,Nam,1,687000.0,1,Bạc,0,3,0
22,Nam,2,625000.0,2,Đồng,0,3,0
36,Nữ,1,810000.0,3,Bạc,1,5,1
30,Nam,2,831000.0,3,Vàng,1,5,1
22,Nữ,1,738000.0,1,Đồng,0,1,1
25,Nữ,2,931000.0,12,Vàng,1,1,1
28,Nam,1,940000.0,8,Vàng,0,5,1
29,Nữ,2,673000.0,2,Đồng,0,5,1
26,Nam,1,839000.0,7,Bạc,0,1,1
30,Nam,1,782000.0,7,Bạc,0,3,1
28,Nam,7,847000.0,8,Bạc,1,1,1
32,Nữ,9,562000.0,9,Đồng,1,1,1
40,Nữ,13,1100000.0,8,Kim Cương,1,3,1
44,Nữ,7,729000.0,9,Bạc,1,5,1
30,Nữ,12,838000.0,8,Vàng,1,3,1
45,Nữ,2,1002000.0,2,Vàng,1,3,1
25,Nam,1,723000.0,3,Bạc,1,4,1
36,Nam,1,886000.0,1,Vàng,0,5,1
29,Nam,1,585000.0,2,Đồng,0,5,1
22,Nam,1,683000.0,1,Đồng,1,3,0
49,Nữ,1,660000.0,3,Bạc,1,3,1
24,Nam,1,751000.0,4,Đồng,1,4,1
25,Nam,1,655000.0,1,Đồng,1,4,1
24,Nam,1,774000.0,9,Bạc,1,4,1
29,Nữ,1,597000.0,1,Đồng,0,1,1
23,Nữ,1,807000.0,8,Đồng,1,1,1
29,Nam,2,668000.0,8,Đồng,1,5,1
36,Nam,2,954000.0,1,Vàng,1,5,1
28,Nam,2,952000.0,2,Vàng,0,3,1
34,Nam,1,811000.0,2,Đồng,1,4,1
23,Nam,3,664000.0,1,Bạc,1,1,1
27,Nam,1,681000.0,4,Đồng,1,3,1
45,Nam,1,858000.0,1,Vàng,0,1,1
34,Nữ,1,671000.0,9,Bạc,0,1,1
28,Nam,1,683000.0,3,Đồng,1,4,1
43,Nam,1,717000.0,2,Bạc,0,1,1
21,Nam,1,589000.0,1,Đồng,1,5,1
29,Nam,1,731000.0,3,Đồng,1,1,1
25,Nam,10,738000.0,8,Đồng,1,1,1
30,Nam,4,868000.0,7,Vàng,1,1,0
34,Nam,2,1082000.0,11,Vàng,1,4,1
43,Nam,1,824000.0,1,Bạc,0,1,1
23,Nữ,2,667000.0,7,Bạc,1,4,1
35,Nam,9,857000.0,5,Vàng,1,5,1
23,Nam,5,720000.0,7,Đồng,1,3,1
45,Nữ,2,934000.0,3,Vàng,0,3,1
22,Nữ,1,795000.0,2,Đồng,0,3,1
23,Nam,1,680000.0,4,Đồng,0,3,1
46,Nam,2,959000.0,8,Vàng,0,3,1
30,Nam,1,565000.0,2,Đồng,0,4,1
30,Nam,1,716000.0,2,Đồng,0,5,0
26,Nam,1,610000.0,1,Đồng,0,5,1
23,Nữ,1,684000.0,1,Đồng,0,1,0
30,Nữ,2,684000.0,10,Đồng,0,3,1
32,Nam,1,695000.0,1,Bạc,1,1,1
45,Nữ,2,1238000.0,2,Kim Cương,1,1,1
42,Nữ,1,1187000.0,7,Kim Cương,1,4,1
22,Nam,1,669000.0,3,Bạc,0,3,0
21,Nam,2,577000.0,1,Đồng,0,1,1
23,Nữ,1,637000.0,1,Đồng,1,1,1
43,Nữ,12,859000.0,8,Bạc,1,5,1
23,Nam,1,874000.0,6,Bạc,1,3,0
45,Nữ,4,1054000.0,4,Kim Cương,1,1,1
21,Nam,1,589000.0,2,Đồng,0,3,1
29,Nữ,1,689000.0,1,Đồng,1,4,1
27,Nam,1,738000.0,3,Bạc,0,1,1
25,Nữ,5,872000.0,3,Vàng,1,5,1
31,Nữ,2,842000.0,8,Vàng,0,1,1
27,Nữ,1,741000.0,1,Đồng,0,1,1
33,Nam,4,1043000.0,12,Kim Cương,1,1,1
26,Nam,1,779000.0,9,Đồng,0,3,1
28,Nam,1,712000.0,7,Bạc,0,4,1
35,Nữ,4,749000.0,3,Đồng,1,4,0
41,Nam,15,1170000.0,15,Kim Cương,1,3,1
23,Nam,7,788000.0,7,Bạc,0,3,0
24,Nữ,4,681000.0,3,Đồng,1,4,1
38,Nữ,15,830000.0,6,Vàng,1,1,0
30,Nam,1,659000.0,1,Đồng,1,3,0
22,Nam,2,611000.0,1,Đồng,1,1,1
38,Nữ,5,740000.0,11,Bạc,1,5,1
33,Nữ,1,652000.0,2,Đồng,0,3,1
38,Nữ,2,780000.0,1,Vàng,1,1,1
22,Nữ,2,631000.0,2,Đồng,0,3,0
31,Nam,1,777000.0,7,Bạc,0,3,1
18,Nữ,5,759000.0,7,Đồng,1,3,1
30,Nam,1,778000.0,1,Đồng,0,4,1
34,Nam,1,886000.0,3,Vàng,1,1,0
30,Nữ,5,719000.0,9,Bạc,1,3,1
19,Nam,2,866000.0,2,Bạc,1,3,1
24,Nam,4,808000.0,7,Bạc,1,1,1
23,Nữ,1,784000.0,4,Đồng,1,5,0
36,Nam,1,625000.0,3,Đồng,1,1,1
30,Nữ,2,758000.0,2,Đồng,1,3,1
21,Nữ,1,614000.0,4,Đồng,1,3,1
28,Nam,1,724000.0,7,Đồng,0,1,1
22,Nữ,2,633000.0,30,Đồng,0,5,1
21,Nam,1,602000.0,2,Đồng,0,1,1
32,Nam,7,1065000.0,7,Kim Cương,1,5,1
27,Nam,1,707000.0,4,Đồng,0,5,1
29,Nữ,1,577000.0,1,Đồng,1,4,1
32,Nữ,2,664000.0,13,Bạc,0,4,1
29,Nam,1,748000.0,6,Bạc,0,4,1
30,Nam,4,694000.0,5,Đồng,0,3,1
36,Nam,1,665000.0,15,Đồng,1,4,1
25,Nữ,3,818000.0,7,Vàng,1,1,1
23,Nam,1,653000.0,9,Đồng,0,3,1
42,Nam,1,771000.0,1,Bạc,1,3,1
45,Nữ,1,727000.0,1,Đồng,1,4,1
29,Nam,2,832000.0,11,Vàng,1,1,1
28,Nữ,1,661000.0,2,Đồng,0,3,1
21,Nam,2,754000.0,2,Đồng,1,1,1
27,Nam,2,655000.0,2,Đồng,1,4,1
22,Nam,1,572000.0,2,Đồng,0,1,1
47,Nam,1,862000.0,4,Vàng,1,1,1
19,Nam,1,627000.0,1,Đồng,0,3,1
39,Nữ,4,1183000.0,4,Kim Cương,0,4,1
31,Nam,1,578000.0,8,Đồng,1,3,1
26,Nữ,7,801000.0,4,Vàng,1,1,1
34,Nữ,1,928000.0,7,Bạc,0,1,1
27,Nam,1,717000.0,4,Đồng,0,3,1
20,Nam,1,658000.0,1,Đồng,0,4,1
21,Nữ,1,709000.0,1,Đồng,1,5,0
31,Nam,7,567000.0,2,Đồng,1,4,1
23,Nam,6,583000.0,10,Đồng,1,5,1
37,Nữ,1,645000.0,3,Đồng,0,5,1
45,Nữ,2,726000.0,2,Đồng,1,5,1
27,Nam,1,610000.0,2,Đồng,1,1,1
21,Nam,1,685000.0,1,Đồng,1,1,0
37,Nữ,15,1029000.0,7,Vàng,1,5,1
29,Nữ,2,573000.0,1,Đồng,1,1,1
24,Nữ,1,791000.0,2,Đồng,1,1,1
28,Nữ,1,619000.0,2,Đồng,0,4,1
25,Nữ,1,750000.0,2,Đồng,0,4,0
41,Nam,1,663000.0,2,Đồng,1,3,1
44,Nữ,1,627000.0,3,Đồng,1,5,1
26,Nữ,1,603000.0,6,Đồng,1,4,1
31,Nữ,9,1139000.0,9,Kim Cương,1,3,1
45,Nam,2,1084000.0,15,Kim Cương,1,4,1
27,Nam,1,881000.0,9,Vàng,0,3,1
41,Nữ,2,1029000.0,1,Vàng,1,4,1
43,Nam,11,1185000.0,9,Kim Cương,1,3,1
28,Nữ,1,633000.0,3,Đồng,0,4,1
20,Nam,1,704000.0,1,Bạc,1,3,0
27,Nam,2,597000.0,2,Đồng,1,1,1
37,Nam,11,1202000.0,8,Kim Cương,1,1,1
31,Nam,1,614000.0,7,Đồng,1,5,1
30,Nữ,1,627000.0,2,Đồng,0,4,1
31,Nữ,1,728000.0,2,Bạc,0,3,1
32,Nam,1,740000.0,1,Bạc,1,3,1
29,Nam,1,790000.0,7,Bạc,0,1,1
23,Nam,2,743000.0,1,Đồng,1,5,1
38,Nam,1,763000.0,7,Bạc,0,1,1
29,Nam,2,697000.0,1,Đồng,1,3,1
32,Nam,3,633000.0,7,Đồng,1,1,1
25,Nam,1,819000.0,1,Bạc,1,5,0
24,Nữ,1,894000.0,9,Bạc,0,1,0
22,Nam,2,634000.0,2,Đồng,1,4,1
30,Nữ,1,584000.0,7,Đồng,0,1,1
33,Nam,1,686000.0,2,Đồng,0,1,1
37,Nam,1,861000.0,3,Vàng,0,5,1
23,Nam,9,818000.0,8,Vàng,1,1,0
24,Nam,5,921000.0,8,Bạc,1,3,1
22,Nữ,1,849000.0,7,Vàng,1,3,1
41,Nam,4,960000.0,3,Vàng,1,4,1
22,Nữ,1,570000.0,4,Đồng,0,5,0
33,Nữ,2,1025000.0,1,Vàng,0,1,1
22,Nữ,1,759000.0,1,Bạc,1,5,0
30,Nam,1,596000.0,5,Đồng,0,3,0
37,Nữ,12,784000.0,8,Vàng,1,1,1
42,Nữ,1,720000.0,5,Bạc,1,5,1
27,Nam,3,749000.0,7,Bạc,1,4,1
27,Nữ,1,719000.0,1,Đồng,0,4,1
29,Nam,1,920000.0,3,Vàng,1,1,1
31,Nam,5,839000.0,13,Vàng,1,3,1
24,Nam,1,639000.0,4,Đồng,0,3,1
28,Nam,1,645000.0,1,Đồng,0,1,1
29,Nam,5,664000.0,8,Đồng,1,1,1
22,Nữ,4,783000.0,1,Bạc,1,1,1
27,Nữ,1,811000.0,8,Vàng,1,3,1
22,Nam,1,591000.0,1,Đồng,0,1,0
44,Nữ,2,648000.0,2,Đồng,1,1,1
35,Nam,11,1160000.0,15,Kim Cương,0,1,1
29,Nam,2,648000.0,2,Đồng,0,3,1
40,Nữ,1,1170000.0,6,Kim Cương,1,1,1
21,Nam,1,593000.0,4,Đồng,1,1,0
34,Nữ,2,1164000.0,9,Kim Cương,0,1,1
22,Nữ,1,707000.0,7,Đồng,1,5,0
41,Nam,15,1200000.0,12,Kim Cương,1,3,1
27,Nữ,1,611000.0,2,Đồng,1,4,1
20,Nam,1,649000.0,2,Đồng,0,3,0
27,Nữ,1,601000.0,2,Đồng,1,3,1
28,Nam,2,733000.0,2,Đồng,1,1,1
33,Nam,1,658000.0,1,Đồng,0,5,1
35,Nam,4,681000.0,7,Đồng,1,1,1
36,Nam,1,1159000.0,7,Kim Cương,1,1,1
24,Nam,2,938000.0,2,Vàng,1,3,1
27,Nữ,1,608000.0,2,Đồng,0,1,1
25,Nam,5,706000.0,9,Bạc,0,5,1
30,Nữ,1,655000.0,2,Đồng,0,5,1
40,Nam,1,781000.0,2,Bạc,1,3,1
18,Nam,1,807000.0,1,Vàng,0,3,0
31,Nữ,11,1045000.0,3,Vàng,1,3,1
24,Nam,1,680000.0,5,Đồng,1,1,1
35,Nữ,1,724000.0,2,Bạc,1,5,1
22,Nam,1,752000.0,2,Bạc,1,1,1
23,Nữ,1,657000.0,2,Đồng,1,3,1
33,Nữ,7,568000.0,8,Đồng,1,5,1
32,Nam,3,1167000.0,9,Kim Cương,1,3,1
39,Nam,1,572000.0,1,Đồng,1,1,1
21,Nam,1,596000.0,4,Đồng,0,4,0
27,Nam,1,709000.0,3,Đồng,0,4,1
34,Nam,7,758000.0,5,Bạc,1,1,1
28,Nam,1,585000.0,4,Đồng,0,5,1
39,Nữ,7,1040000.0,7,Kim Cương,1,4,1
23,Nam,1,597000.0,1,Đồng,0,3,0
23,Nam,1,818000.0,1,Bạc,1,4,1
24,Nam,7,814000.0,8,Bạc,0,1,1
21,Nam,1,628000.0,5,Đồng,1,5,1
36,Nam,2,962000.0,10,Vàng,1,1,1
28,Nam,10,588000.0,11,Đồng,1,1,1
45,Nam,4,1139000.0,13,Kim Cương,1,5,1
31,Nam,9,879000.0,3,Vàng,1,4,0
31,Nam,1,731000.0,4,Đồng,1,1,1
31,Nam,1,738000.0,1,Bạc,1,1,1
22,Nam,1,678000.0,1,Đồng,1,3,1
29,Nữ,2,1025000.0,2,Vàng,0,1,1
28,Nữ,6,974000.0,3,Vàng,1,4,1
32,Nữ,7,859000.0,7,Bạc,1,5,1
21,Nữ,1,825000.0,4,Bạc,1,4,1
40,Nam,1,1143000.0,6,Kim Cương,1,4,1
42,Nam,1,1123000.0,3,Kim Cương,1,3,1
34,Nam,11,852000.0,6,Đồng,1,3,1
22,Nam,1,736000.0,9,Đồng,0,1,1
44,Nam,1,778000.0,8,Bạc,0,1,1
22,Nam,3,667000.0,3,Đồng,1,5,1
27,Nữ,5,568000.0,7,Đồng,1,1,1
29,Nam,1,751000.0,1,Đồng,0,3,0
30,Nam,1,714000.0,2,Bạc,0,1,1
21,Nam,1,591000.0,2,Đồng,1,4,0
23,Nữ,1,741000.0,2,Đồng,1,1,1
40,Nữ,1,1082000.0,2,Kim Cương,1,5,1
30,Nam,7,644000.0,7,Đồng,1,4,1
24,Nữ,2,574000.0,2,Đồng,0,4,1
23,Nam,7,686000.0,4,Bạc,1,1,0
32,Nam,1,574000.0,2,Đồng,0,1,1
33,Nữ,2,963000.0,8,Vàng,1,4,1
32,Nam,1,560000.0,1,Đồng,1,3,0
27,Nam,6,802000.0,9,Bạc,1,4,1
29,Nam,1,708000.0,1,Đồng,1,1,1
41,Nam,1,765000.0,2,Bạc,0,4,1
32,Nam,2,1117000.0,4,Kim Cương,1,4,1
29,Nữ,1,538000.0,1,Đồng,0,3,1
19,Nam,1,786000.0,7,Bạc,0,5,1
23,Nam,7,707000.0,7,Bạc,1,1,1
30,Nam,3,883000.0,7,Vàng,1,1,1
27,Nữ,1,727000.0,8,Bạc,1,4,1
27,Nam,4,705000.0,8,Bạc,1,3,1
28,Nữ,1,961000.0,3,Vàng,0,4,1
46,Nam,1,696000.0,2,Bạc,1,3,1
25,Nam,1,654000.0,3,Đồng,1,1,1
24,Nam,1,705000.0,1,Bạc,0,5,1
34,Nam,9,757000.0,11,Bạc,1,5,1
27,Nam,2,676000.0,2,Đồng,1,1,1
24,Nữ,8,865000.0,3,Vàng,1,4,1
22,Nam,11,1076000.0,10,Kim Cương,1,5,1
35,Nữ,1,684000.0,7,Đồng,0,1,1
40,Nữ,2,947000.0,7,Vàng,0,3,1
35,Nam,7,703000.0,7,Đồng,1,4,0
21,Nữ,1,579000.0,2,Đồng,0,4,1
23,Nữ,11,652000.0,9,Bạc,1,4,1
21,Nam,1,628000.0,4,Đồng,0,3,1
26,Nam,1,742000.0,7,Bạc,0,1,1
23,Nữ,1,722000.0,7,Đồng,0,1,1
19,Nam,2,626000.0,2,Đồng,1,1,0
24,Nữ,1,700000.0,9,Bạc,1,1,1
23,Nữ,8,966000.0,9,Vàng,1,3,1
32,Nam,13,1162000.0,3,Kim Cương,1,1,1
24,Nữ,1,758000.0,1,Bạc,1,3,0
27,Nam,1,680000.0,1,Đồng,1,1,1
38,Nam,1,1071000.0,1,Kim Cương,1,3,1
33,Nữ,1,653000.0,1,Bạc,1,3,1
19,Nam,1,718000.0,4,Bạc,0,4,1
45,Nữ,1,656000.0,3,Đồng,0,3,1
34,Nữ,1,880000.0,1,Vàng,1,5,1
39,Nam,9,648000.0,8,Đồng,1,1,1
33,Nam,1,889000.0,2,Bạc,1,1,1
28,Nam,1,553000.0,7,Đồng,0,5,0
24,Nam,2,702000.0,2,Đồng,1,1,1
25,Nữ,1,711000.0,2,Bạc,1,3,1
24,Nữ,1,789000.0,7,Bạc,0,4,1
30,Nam,1,763000.0,4,Bạc,1,1,1
28,Nam,2,898000.0,3,Vàng,1,1,1
25,Nữ,4,759000.0,10,Bạc,1,1,1
21,Nữ,1,795000.0,7,Bạc,1,4,1
29,Nam,1,774000.0,13,Bạc,1,4,1
21,Nam,1,593000.0,2,Đồng,0,1,1
31,Nam,1,738000.0,2,Bạc,1,4,1
38,Nam,1,700000.0,1,Đồng,0,3,1
34,Nữ,2,1042000.0,1,Kim Cương,0,1,1
22,Nam,1,679000.0,2,Đồng,1,3,1
34,Nam,1,571000.0,1,Đồng,1,3,1
24,Nữ,1,591000.0,7,Đồng,0,4,1
38,Nữ,1,1035000.0,3,Vàng,0,3,1
28,Nam,6,706000.0,7,Bạc,1,5,1
23,Nữ,2,652000.0,2,Đồng,1,3,1
25,Nam,7,744000.0,7,Bạc,0,3,1
32,Nam,1,882000.0,1,Bạc,1,1,1
28,Nữ,1,555000.0,2,Đồng,1,4,0
28,Nữ,1,758000.0,1,Bạc,1,1,1
29,Nam,1,795000.0,12,Vàng,0,1,1
46,Nam,1,701000.0,2,Bạc,0,3,1
28,Nữ,1,586000.0,7,Đồng,0,3,1
23,Nam,2,764000.0,2,Đồng,1,1,1
20,Nữ,1,606000.0,1,Đồng,0,3,0
30,Nữ,1,730000.0,3,Đồng,1,5,1
36,Nữ,1,698000.0,1,Bạc,1,3,1
24,Nam,7,889000.0,7,Vàng,1,4,0
42,Nam,1,881000.0,3,Vàng,1,1,1
24,Nam,1,704000.0,1,Bạc,1,3,0
25,Nam,2,645000.0,2,Đồng,1,4,1
26,Nữ,1,632000.0,1,Đồng,0,4,0
29,Nam,1,630000.0,2,Đồng,0,1,1
27,Nam,1,814000.0,1,Bạc,0,4,1
21,Nam,1,607000.0,4,Đồng,0,4,1
22,Nam,1,728000.0,7,Bạc,1,1,1
39,Nam,1,1031000.0,3,Vàng,1,3,1
42,Nữ,1,643000.0,7,Đồng,1,1,1
30,Nữ,2,596000.0,2,Đồng,1,3,1
22,Nam,1,685000.0,4,Bạc,0,1,0
47,Nữ,1,1048000.0,2,Kim Cương,1,1,1
21,Nữ,1,636000.0,3,Đồng,0,3,1
26,Nam,1,669000.0,1,Đồng,1,4,1
23,Nam,1,749000.0,4,Đồng,0,5,0
30,Nữ,1,587000.0,2,Đồng,1,4,1
31,Nam,9,758000.0,1,Bạc,1,3,1
28,Nam,1,738000.0,1,Đồng,1,1,0
30,Nữ,12,597000.0,17,Đồng,1,5,1
31,Nữ,1,683000.0,3,Bạc,0,4,1
34,Nữ,1,642000.0,2,Đồng,0,5,1
32,Nam,1,634000.0,1,Đồng,0,4,1
34,Nam,2,944000.0,9,Vàng,1,4,1
31,Nữ,1,760000.0,1,Đồng,1,3,1
45,Nam,1,1166000.0,2,Kim Cương,1,5,1
25,Nữ,1,754000.0,2,Bạc,0,3,1
26,Nữ,3,638000.0,12,Đồng,1,5,1
30,Nam,1,692000.0,2,Đồng,1,1,1
34,Nữ,1,675000.0,2,Đồng,1,3,1
21,Nữ,1,629000.0,3,Đồng,0,1,1
28,Nữ,10,687000.0,7,Đồng,1,3,1
28,Nam,3,571000.0,2,Đồng,1,5,1
30,Nam,1,1144000.0,6,Kim Cương,0,3,1
45,Nữ,2,908000.0,7,Vàng,1,5,1
23,Nữ,4,695000.0,4,Bạc,1,3,1
34,Nam,1,829000.0,7,Bạc,1,5,1
21,Nam,1,646000.0,8,Đồng,0,5,1
19,Nam,1,644000.0,2,Đồng,1,5,0
43,Nam,1,785000.0,4,Bạc,1,3,1
37,Nam,1,720000.0,2,Đồng,0,1,1
39,Nữ,1,1045000.0,4,Kim Cương,1,1,1
35,Nữ,1,631000.0,2,Đồng,1,3,1
24,Nữ,1,815000.0,2,Bạc,1,1,1
49,Nữ,11,1171000.0,10,Kim Cương,1,5,1
36,Nữ,1,684000.0,8,Đồng,1,3,1
34,Nữ,1,630000.0,4,Đồng,0,1,1
21,Nữ,1,662000.0,4,Đồng,0,4,0
21,Nữ,1,635000.0,1,Đồng,0,3,0
29,Nam,1,719000.0,1,Đồng,1,1,1
32,Nữ,1,1107000.0,12,Kim Cương,1,3,1
20,Nữ,1,742000.0,2,Đồng,0,1,1
30,Nam,1,612000.0,4,Đồng,1,1,1
21,Nam,1,972000.0,3,Vàng,0,3,1
19,Nữ,1,641000.0,1,Đồng,1,4,0
25,Nam,1,582000.0,1,Đồng,0,1,0
24,Nữ,7,754000.0,8,Bạc,1,5,1
45,Nam,2,952000.0,1,Vàng,1,1,1
40,Nam,15,1090000.0,7,Kim Cương,1,3,1
23,Nữ,6,612000.0,7,Đồng,1,1,1
50,Nữ,13,934000.0,11,Vàng,1,5,1
39,Nữ,1,677000.0,4,Đồng,0,1,1
35,Nam,1,1087000.0,1,Kim Cương,1,3,1
28,Nam,4,680000.0,3,Đồng,1,3,1
43,Nữ,1,606000.0,1,Đồng,0,3,1
28,Nam,5,589000.0,7,Đồng,1,3,1
26,Nữ,1,895000.0,2,Vàng,0,1,1
27,Nam,1,1036000.0,8,Vàng,0,4,1
26,Nam,2,936000.0,7,Vàng,1,3,0
23,Nam,1,624000.0,3,Đồng,0,1,0
25,Nam,1,625000.0,2,Đồng,0,4,1
29,Nam,1,744000.0,1,Bạc,0,3,1
22,Nam,1,814000.0,1,Vàng,1,3,0
21,Nữ,1,863000.0,2,Vàng,1,5,0
28,Nam,2,642000.0,1,Đồng,0,3,1
28,Nam,9,849000.0,7,Vàng,1,1,1
22,Nam,1,685000.0,2,Đồng,0,3,0
41,Nữ,6,660000.0,7,Đồng,1,1,1
45,Nữ,7,1204000.0,8,Kim Cương,1,4,1
32,Nam,1,729000.0,10,Bạc,0,1,1
26,Nam,6,636000.0,9,Đồng,0,3,1
34,Nữ,2,969000.0,13,Vàng,1,3,1
30,Nữ,1,605000.0,7,Đồng,1,3,1
24,Nam,1,726000.0,5,Bạc,1,1,1
32,Nam,5,872000.0,8,Bạc,1,5,1
35,Nam,3,759000.0,7,Đồng,1,4,1
22,Nữ,1,573000.0,1,Đồng,0,3,0
23,Nam,1,636000.0,2,Đồng,1,1,1
27,Nữ,1,1123000.0,5,Kim Cương,1,3,1
24,Nam,1,1005000.0,3,Vàng,1,1,1
31,Nam,1,590000.0,1,Đồng,1,4,0
31,Nam,1,895000.0,3,Vàng,0,5,1
32,Nữ,1,793000.0,7,Bạc,0,3,1
23,Nam,1,638000.0,1,Đồng,0,3,1
27,Nữ,1,715000.0,3,Đồng,1,3,1
26,Nam,5,671000.0,7,Bạc,0,1,1
23,Nam,1,665000.0,1,Đồng,0,1,0
28,Nữ,1,815000.0,2,Bạc,1,1,1
37,Nữ,1,822000.0,2,Vàng,0,3,1
34,Nữ,11,1091000.0,8,Kim Cương,1,5,1
30,Nam,7,798000.0,7,Vàng,1,4,1
41,Nam,6,678000.0,9,Bạc,1,5,1
20,Nam,1,651000.0,2,Đồng,1,3,0
23,Nam,2,592000.0,1,Đồng,1,1,1
30,Nữ,1,919000.0,1,Vàng,0,3,1
30,Nữ,4,706000.0,3,Bạc,1,4,1
39,Nam,1,1169000.0,9,Kim Cương,1,3,1
21,Nam,1,572000.0,4,Đồng,0,1,1
23,Nam,1,821000.0,4,Bạc,0,4,1
30,Nam,1,703000.0,1,Đồng,1,4,1
39,Nam,10,1067000.0,7,Kim Cương,1,4,1
27,Nam,1,552000.0,6,Đồng,1,3,1
21,Nữ,1,652000.0,2,Đồng,0,3,0
27,Nam,1,655000.0,1,Đồng,1,5,0
30,Nam,1,631000.0,3,Đồng,1,1,1
23,Nam,1,710000.0,2,Đồng,0,5,0
30,Nam,1,648000.0,2,Đồng,1,1,1
28,Nam,5,825000.0,7,Bạc,1,1,1
29,Nữ,1,570000.0,3,Đồng,0,3,1
31,Nam,1,792000.0,1,Vàng,0,3,1
20,Nữ,1,606000.0,1,Đồng,0,4,1
35,Nữ,2,646000.0,2,Đồng,0,1,1
35,Nam,1,1062000.0,1,Kim Cương,1,1,1
29,Nữ,1,659000.0,1,Đồng,0,5,1
34,Nam,4,697000.0,7,Bạc,1,3,1
38,Nữ,2,978000.0,2,Vàng,0,5,1
34,Nữ,1,677000.0,2,Bạc,1,3,1
29,Nữ,1,673000.0,6,Đồng,1,3,1
21,Nam,1,582000.0,2,Đồng,1,5,0
21,Nam,1,595000.0,2,Đồng,0,3,1
36,Nam,1,1169000.0,1,Kim Cương,0,1,1
22,Nam,2,709000.0,2,Đồng,1,3,1
24,Nam,1,727000.0,2,Bạc,0,3,1
24,Nữ,1,702000.0,5,Bạc,1,1,1
28,Nữ,1,687000.0,1,Đồng,1,3,1
40,Nữ,8,888000.0,10,Bạc,1,5,1
27,Nam,8,586000.0,8,Đồng,1,1,1
29,Nữ,1,667000.0,1,Đồng,0,5,0
23,Nữ,1,374000.0,2,Đồng,0,1,1
29,Nam,7,847000.0,8,Vàng,1,3,1
24,Nữ,1,708000.0,2,Bạc,0,3,1
30,Nam,11,728000.0,8,Bạc,0,1,1
27,Nam,4,912000.0,7,Bạc,1,1,1
43,Nam,7,888000.0,1,Vàng,1,4,1
29,Nam,1,768000.0,2,Vàng,0,4,1
27,Nam,1,580000.0,1,Đồng,1,1,1
23,Nam,1,517000.0,1,Đồng,1,3,0
19,Nam,9,592000.0,7,Đồng,1,5,0
31,Nam,1,631000.0,1,Đồng,1,3,1
21,Nam,1,650000.0,2,Đồng,0,5,1
20,Nam,1,805000.0,2,Đồng,1,4,1
28,Nữ,1,749000.0,5,Đồng,1,1,1
23,Nam,2,677000.0,8,Đồng,0,1,1
39,Nam,2,760000.0,2,Bạc,0,4,1
24,Nữ,1,769000.0,4,Đồng,1,1,1
31,Nam,1,725000.0,1,Đồng,1,1,1
36,Nam,3,588000.0,8,Đồng,0,3,1
27,Nữ,7,806000.0,7,Bạc,1,4,1
22,Nữ,2,676000.0,1,Đồng,1,3,0
32,Nữ,11,631000.0,10,Đồng,1,3,1
25,Nam,1,673000.0,8,Bạc,1,1,1
32,Nam,1,747000.0,3,Bạc,0,3,0
32,Nữ,1,759000.0,8,Bạc,0,1,1
22,Nữ,1,722000.0,7,Bạc,0,5,1
26,Nữ,7,902000.0,3,Vàng,1,1,1
36,Nam,1,659000.0,7,Đồng,1,5,1
32,Nam,1,970000.0,12,Vàng,0,5,1
42,Nam,2,1079000.0,3,Vàng,0,3,1
34,Nam,12,1158000.0,6,Kim Cương,1,1,1
45,Nam,2,703000.0,2,Bạc,1,5,1
22,Nam,1,916000.0,7,Vàng,0,5,1
34,Nam,2,1114000.0,10,Kim Cương,1,3,1
40,Nam,2,669000.0,2,Đồng,0,4,1
30,Nữ,3,586000.0,7,Đồng,1,4,0
30,Nữ,1,905000.0,3,Vàng,0,5,1
28,Nữ,1,782000.0,1,Bạc,0,3,1
35,Nam,1,649000.0,4,Đồng,0,3,1
38,Nữ,2,941000.0,13,Vàng,1,3,1
25,Nam,7,835000.0,7,Bạc,1,1,1
22,Nam,1,570000.0,1,Đồng,1,3,1
25,Nam,2,588000.0,2,Đồng,0,3,0
34,Nam,2,808000.0,2,Bạc,1,1,1
30,Nữ,4,682000.0,3,Bạc,0,3,1
22,Nam,1,610000.0,2,Đồng,1,5,1
29,Nữ,3,749000.0,6,Bạc,0,4,1
45,Nam,1,840000.0,3,Vàng,0,1,1
30,Nữ,2,695000.0,3,Đồng,0,1,1
19,Nữ,1,823000.0,7,Bạc,1,5,1
28,Nam,2,604000.0,2,Đồng,1,4,1
45,Nam,2,653000.0,2,Đồng,1,1,1
25,Nữ,1,648000.0,1,Bạc,1,5,1
24,Nam,4,715000.0,7,Bạc,1,1,1
32,Nam,1,613000.0,1,Đồng,0,3,1
27,Nữ,1,694000.0,1,Bạc,1,5,1
42,Nam,1,1024000.0,16,Kim Cương,1,5,1
21,Nam,7,601000.0,8,Đồng,1,1,0
22,Nữ,1,863000.0,4,Bạc,0,1,1
36,Nam,3,727000.0,1,Bạc,1,3,1
19,Nam,1,702000.0,2,Đồng,0,3,1
29,Nữ,1,705000.0,3,Bạc,0,3,0
26,Nam,1,851000.0,4,Bạc,0,1,1
35,Nam,1,1180000.0,4,Kim Cương,1,5,0
29,Nam,1,788000.0,9,Bạc,0,5,1
41,Nam,1,726000.0,2,Đồng,1,1,1
20,Nữ,2,670000.0,1,Đồng,1,1,1
23,Nữ,1,639000.0,1,Đồng,0,3,1
23,Nam,1,745000.0,2,Bạc,0,5,0
27,Nữ,1,665000.0,3,Đồng,1,1,1
41,Nữ,1,661000.0,4,Bạc,0,5,1
22,Nam,1,744000.0,1,Đồng,1,1,1
30,Nữ,4,604000.0,3,Đồng,1,5,1
34,Nữ,4,691000.0,12,Bạc,0,5,1
26,Nữ,1,625000.0,3,Đồng,1,5,1
25,Nữ,1,642000.0,2,Đồng,1,1,1
26,Nam,1,758000.0,2,Đồng,1,3,1
32,Nữ,3,816000.0,7,Đồng,0,4,1
27,Nữ,1,783000.0,2,Bạc,1,5,1
33,Nam,14,1105000.0,9,Kim Cương,1,1,1
29,Nam,1,686000.0,1,Đồng,0,5,0
21,Nam,1,571000.0,1,Đồng,0,4,1
40,Nữ,1,721000.0,4,Đồng,1,3,1
40,Nam,1,1124000.0,3,Kim Cương,1,3,1
21,Nữ,1,559000.0,1,Đồng,0,5,0
28,Nam,3,859000.0,3,Vàng,1,3,1
22,Nữ,1,715000.0,2,Bạc,1,5,0
37,Nữ,3,1021000.0,1,Kim Cương,1,1,1
28,Nữ,1,712000.0,5,Bạc,1,4,1
27,Nam,1,766000.0,7,Đồng,1,3,1
37,Nam,13,1161000.0,8,Kim Cương,1,4,0
28,Nữ,2,595000.0,2,Đồng,1,3,1
34,Nữ,1,709000.0,2,Bạc,0,1,1
22,Nam,2,715000.0,1,Đồng,1,3,0
30,Nam,1,584000.0,4,Đồng,1,4,1
28,Nữ,6,697000.0,8,Bạc,1,3,1
34,Nam,1,693000.0,1,Bạc,0,3,1
20,Nữ,1,900000.0,1,Bạc,1,1,1
29,Nữ,1,603000.0,1,Đồng,1,3,1
34,Nam,7,657000.0,8,Đồng,1,4,1
30,Nam,1,746000.0,2,Bạc,1,5,1
27,Nữ,1,642000.0,3,Đồng,1,1,1
33,Nữ,7,835000.0,7,Bạc,0,1,0
36,Nam,7,725000.0,3,Bạc,1,1,0
34,Nam,1,1229000.0,1,Kim Cương,1,5,1
21,Nam,1,970000.0,3,Vàng,1,1,1
29,Nam,1,962000.0,6,Vàng,0,3,1
22,Nữ,7,773000.0,5,Đồng,1,4,1
28,Nam,1,725000.0,2,Đồng,1,1,1
22,Nữ,1,606000.0,7,Đồng,0,3,0
29,Nam,1,540000.0,1,Đồng,0,1,1
42,Nữ,4,1052000.0,17,Kim Cương,1,3,1
34,Nam,2,690000.0,3,Bạc,1,4,1
21,Nam,1,625000.0,1,Đồng,0,5,1
27,Nam,1,779000.0,8,Đồng,0,5,1
26,Nữ,1,567000.0,1,Đồng,0,5,1
29,Nam,4,728000.0,11,Bạc,1,1,1
24,Nam,1,626000.0,3,Đồng,0,1,1
23,Nam,1,620000.0,3,Đồng,0,1,1
41,Nữ,1,940000.0,3,Vàng,0,1,1
36,Nam,1,844000.0,2,Vàng,0,5,1
27,Nữ,1,666000.0,3,Bạc,1,3,1
39,Nữ,2,1092000.0,1,Vàng,0,1,1
27,Nam,1,808000.0,1,Bạc,1,3,1
21,Nam,1,673000.0,4,Đồng,1,1,1
20,Nam,2,803000.0,2,Đồng,1,1,1
34,Nam,1,770000.0,2,Đồng,1,1,1
33,Nam,2,610000.0,2,Đồng,1,1,1
29,Nam,1,710000.0,3,Đồng,0,5,1
22,Nam,1,724000.0,3,Đồng,0,5,1
26,Nữ,5,962000.0,15,Vàng,1,3,1
27,Nữ,7,670000.0,8,Đồng,1,4,0
26,Nam,1,574000.0,2,Đồng,1,1,1
19,Nam,1,636000.0,3,Đồng,1,5,1
38,Nữ,1,675000.0,2,Đồng,0,5,1
21,Nam,3,676000.0,4,Đồng,0,1,1
26,Nam,5,739000.0,3,Bạc,1,4,1
28,Nam,1,698000.0,2,Đồng,0,4,1
33,Nữ,1,682000.0,3,Bạc,1,1,1
23,Nam,1,680000.0,2,Đồng,0,1,1
18,Nữ,1,695000.0,2,Đồng,1,3,0
40,Nam,2,909000.0,3,Vàng,1,1,1
28,Nam,4,909000.0,8,Vàng,1,4,1
28,Nữ,1,640000.0,1,Đồng,1,1,1
43,Nữ,2,1047000.0,8,Vàng,1,1,1
35,Nữ,2,693000.0,2,Bạc,1,1,1
38,Nữ,7,795000.0,7,Đồng,1,1,1
29,Nam,1,760000.0,9,Bạc,0,4,1
43,Nam,14,1059000.0,7,Kim Cương,1,5,1
31,Nữ,1,652000.0,4,Bạc,1,1,1
29,Nam,1,558000.0,3,Đồng,0,4,1
20,Nam,1,769000.0,1,Đồng,0,1,0
22,Nữ,1,611000.0,3,Đồng,1,1,1
33,Nam,7,597000.0,1,Đồng,1,5,1
25,Nam,1,687000.0,2,Đồng,0,1,1
38,Nam,1,606000.0,1,Đồng,1,1,0
35,Nữ,1,787000.0,1,Đồng,1,4,1
30,Nữ,1,580000.0,2,Đồng,1,3,0
23,Nữ,1,691000.0,1,Đồng,1,1,0
31,Nam,4,786000.0,11,Bạc,1,1,1
37,Nữ,1,695000.0,2,Đồng,0,1,1
20,Nữ,1,738000.0,2,Đồng,1,3,0
25,Nữ,1,604000.0,1,Đồng,0,1,0
22,Nữ,2,666000.0,2,Đồng,0,3,1
25,Nam,2,712000.0,2,Đồng,1,5,0
21,Nữ,1,679000.0,1,Đồng,0,3,1
32,Nam,1,594000.0,1,Đồng,1,4,1
34,Nữ,1,775000.0,3,Bạc,1,3,1
29,Nam,1,575000.0,2,Đồng,1,5,1
46,Nữ,1,853000.0,4,Vàng,1,4,1
25,Nam,5,620000.0,2,Đồng,1,3,1
29,Nữ,1,823000.0,7,Đồng,0,1,1
40,Nữ,1,722000.0,7,Bạc,0,4,1
28,Nam,1,647000.0,1,Đồng,1,3,1
27,Nữ,1,737000.0,1,Bạc,1,3,1
30,Nam,1,740000.0,1,Đồng,1,1,1
29,Nữ,2,950000.0,11,Vàng,1,5,1
27,Nữ,1,695000.0,2,Đồng,0,4,1
24,Nam,1,667000.0,1,Đồng,0,4,0
29,Nam,1,811000.0,1,Vàng,0,4,1
23,Nam,1,637000.0,7,Đồng,0,5,1
36,Nam,2,666000.0,17,Đồng,1,5,1
28,Nam,3,716000.0,9,Đồng,1,3,1
27,Nam,1,583000.0,1,Đồng,1,4,0
23,Nam,1,700000.0,1,Đồng,1,5,0
26,Nữ,8,672000.0,5,Bạc,1,1,1
31,Nam,1,646000.0,1,Đồng,0,4,1
26,Nữ,6,715000.0,3,Bạc,1,5,1
20,Nam,3,815000.0,7,Vàng,1,1,0
28,Nữ,1,752000.0,4,Bạc,1,1,1
20,Nam,11,824000.0,46,Vàng,1,3,0
35,Nam,1,642000.0,8,Đồng,1,4,1
28,Nữ,1,614000.0,2,Đồng,0,1,1
26,Nữ,1,707000.0,1,Đồng,1,3,1
42,Nam,7,1092000.0,8,Kim Cương,1,1,1
38,Nam,1,759000.0,1,Đồng,0,3,0
45,Nam,2,990000.0,2,Vàng,1,3,1
23,Nam,7,717000.0,7,Bạc,1,3,1
31,Nữ,1,696000.0,3,Bạc,1,1,1
28,Nam,1,765000.0,8,Bạc,0,1,1
32,Nam,1,842000.0,7,Bạc,0,3,1
24,Nữ,2,982000.0,1,Vàng,1,4,0
38,Nam,2,767000.0,7,Đồng,1,3,1
27,Nam,1,678000.0,7,Đồng,1,1,1
21,Nam,1,724000.0,2,Đồng,0,5,0
28,Nam,6,1043000.0,1,Kim Cương,1,3,1
21,Nữ,1,697000.0,1,Đồng,1,5,0
26,Nữ,1,700000.0,2,Đồng,1,1,1
27,Nữ,1,603000.0,2,Đồng,1,1,1
40,Nam,1,1207000.0,3,Kim Cương,1,1,1
24,Nữ,1,691000.0,2,Bạc,1,4,1
33,Nam,1,1166000.0,11,Kim Cương,0,3,1
20,Nữ,2,620000.0,2,Đồng,1,4,1
37,Nam,1,661000.0,8,Đồng,1,5,1
36,Nữ,1,708000.0,7,Đồng,1,1,1
29,Nữ,1,553000.0,1,Đồng,0,3,0
39,Nam,2,1037000.0,5,Vàng,1,3,1
30,Nam,1,661000.0,2,Đồng,0,3,1
36,Nam,1,862000.0,7,Vàng,1,3,1
22,Nữ,3,685000.0,2,Đồng,0,3,1
23,Nam,1,800000.0,2,Đồng,1,4,0
25,Nữ,1,633000.0,3,Đồng,1,5,1
22,Nam,1,579000.0,1,Đồng,0,1,1
42,Nữ,1,829000.0,8,Vàng,0,3,1
31,Nữ,10,817000.0,1,Vàng,0,3,1
26,Nữ,1,865000.0,3,Vàng,0,5,1
21,Nữ,1,628000.0,1,Đồng,1,5,0
22,Nữ,1,653000.0,2,Đồng,0,4,0
21,Nam,1,675000.0,3,Bạc,1,1,1
25,Nam,1,623000.0,1,Đồng,0,5,1
37,Nam,2,651000.0,2,Đồng,0,3,1
41,Nam,4,882000.0,3,Vàng,1,3,1
34,Nữ,2,690000.0,1,Đồng,1,3,1
33,Nữ,11,968000.0,3,Vàng,1,1,1
24,Nữ,2,725000.0,2,Đồng,1,1,1
29,Nam,1,745000.0,2,Đồng,0,1,1
23,Nam,1,1101000.0,1,Kim Cương,1,3,1
39,Nam,1,666000.0,1,Đồng,1,1,1
45,Nữ,2,954000.0,3,Vàng,1,1,1
20,Nữ,1,698000.0,1,Đồng,1,4,0
42,Nam,6,734000.0,7,Bạc,1,4,1
37,Nữ,5,1184000.0,10,Kim Cương,1,3,1
29,Nam,1,720000.0,1,Bạc,1,1,1
18,Nam,2,749000.0,2,Đồng,1,5,0
32,Nữ,6,1180000.0,9,Kim Cương,1,1,0
35,Nữ,2,1016000.0,11,Vàng,1,1,1
39,Nữ,1,703000.0,13,Bạc,0,3,1
24,Nữ,15,648000.0,14,Đồng,1,5,0
32,Nữ,2,863000.0,8,Vàng,1,5,1
25,Nữ,2,680000.0,2,Đồng,0,1,1
36,Nữ,1,1080000.0,1,Kim Cương,1,1,1
27,Nữ,7,629000.0,7,Đồng,1,3,1
27,Nam,1,796000.0,9,Vàng,0,1,1
47,Nam,1,911000.0,3,Vàng,1,1,1
29,Nam,1,630000.0,4,Đồng,0,4,1
45,Nữ,6,741000.0,12,Bạc,1,4,1
22,Nam,1,685000.0,1,Đồng,0,3,0
27,Nam,1,595000.0,2,Đồng,0,5,0
31,Nữ,1,676000.0,1,Đồng,0,3,1
22,Nam,1,684000.0,1,Đồng,0,4,1
30,Nam,2,650000.0,2,Đồng,1,3,1
41,Nam,7,1161000.0,7,Kim Cương,1,3,1
28,Nữ,1,676000.0,1,Đồng,1,4,1
33,Nam,7,799000.0,5,Bạc,1,5,1
30,Nữ,1,579000.0,3,Đồng,0,3,1
39,Nam,2,1173000.0,2,Kim Cương,1,1,1
42,Nữ,7,827000.0,1,Vàng,1,3,1
48,Nữ,1,699000.0,3,Đồng,1,3,1
29,Nữ,7,768000.0,8,Vàng,1,1,1
45,Nam,6,1081000.0,2,Kim Cương,1,5,1
33,Nam,1,861000.0,1,Vàng,1,1,1
22,Nữ,1,604000.0,2,Đồng,1,1,0
28,Nữ,1,560000.0,1,Đồng,0,5,0
35,Nữ,1,813000.0,7,Đồng,1,5,1
33,Nam,2,579000.0,7,Đồng,0,3,0
23,Nam,1,779000.0,9,Vàng,1,5,0
21,Nam,1,687000.0,3,Đồng,1,5,1
25,Nam,1,864000.0,2,Vàng,0,5,1
29,Nữ,1,623000.0,8,Đồng,0,3,1
31,Nữ,1,872000.0,9,Vàng,1,3,1
35,Nam,11,950000.0,1,Vàng,1,1,1
23,Nam,1,753000.0,2,Đồng,1,3,1
43,Nam,1,941000.0,3,Vàng,0,4,1
24,Nữ,1,632000.0,7,Đồng,0,3,1
28,Nam,3,865000.0,6,Vàng,1,5,0
28,Nam,1,773000.0,2,Bạc,1,1,1
20,Nam,4,957000.0,7,Vàng,1,5,0
21,Nữ,3,794000.0,8,Đồng,1,3,0
28,Nam,2,631000.0,2,Đồng,0,3,1
26,Nam,1,823000.0,4,Bạc,1,1,1
29,Nữ,1,744000.0,1,Bạc,1,1,1
20,Nam,5,663000.0,6,Đồng,1,1,0
23,Nam,1,696000.0,1,Đồng,1,3,0
22,Nam,2,694000.0,2,Đồng,1,4,0
33,Nam,13,1140000.0,7,Kim Cương,1,5,1
22,Nam,1,628000.0,1,Đồng,1,4,0
32,Nam,1,681000.0,1,Đồng,1,3,0
27,Nữ,1,713000.0,2,Đồng,0,4,1
26,Nam,1,670000.0,1,Đồng,0,1,1
36,Nam,2,1190000.0,1,Kim Cương,1,1,1
36,Nữ,4,694000.0,12,Bạc,1,3,1
46,Nam,4,939000.0,1,Vàng,1,4,1
28,Nam,2,810000.0,7,Vàng,1,3,1
24,Nữ,1,730000.0,7,Đồng,1,1,1
23,Nữ,1,820000.0,7,Bạc,0,4,1
35,Nam,4,1059000.0,9,Kim Cương,1,3,1
33,Nam,1,795000.0,1,Bạc,1,4,1
33,Nữ,1,831000.0,1,Vàng,1,5,1
23,Nam,11,874000.0,3,Vàng,1,1,0
33,Nam,4,1173000.0,9,Kim Cương,1,3,1
30,Nữ,2,551000.0,2,Đồng,1,4,1
28,Nam,1,762000.0,3,Bạc,1,4,1
28,Nam,1,869000.0,9,Bạc,0,1,1
24,Nam,2,589000.0,2,Đồng,1,1,1
21,Nam,1,677000.0,4,Đồng,0,4,1
29,Nam,1,644000.0,2,Đồng,1,1,1
38,Nam,2,995000.0,3,Vàng,1,4,1
29,Nam,1,614000.0,2,Đồng,1,3,1
23,Nữ,1,635000.0,1,Đồng,0,4,1
29,Nam,1,742000.0,1,Đồng,1,1,1
24,Nam,1,707000.0,2,Đồng,1,1,1
31,Nam,5,606000.0,1,Đồng,1,3,1
23,Nam,1,616000.0,2,Đồng,1,3,1
26,Nam,1,561000.0,1,Đồng,1,3,0
20,Nữ,1,838000.0,3,Bạc,0,5,0
33,Nam,1,638000.0,1,Đồng,1,1,1
22,Nam,2,584000.0,2,Đồng,1,3,0
29,Nữ,1,698000.0,3,Bạc,1,1,1
23,Nam,2,596000.0,2,Đồng,1,3,1
27,Nữ,1,803000.0,3,Bạc,0,3,1
27,Nam,1,713000.0,4,Đồng,0,3,1
20,Nữ,3,750000.0,10,Bạc,1,5,0
32,Nữ,2,1007000.0,13,Vàng,1,3,1
26,Nam,2,940000.0,14,Vàng,1,5,0
32,Nam,1,680000.0,5,Bạc,1,5,1
29,Nam,1,572000.0,7,Đồng,1,3,1
21,Nam,1,765000.0,2,Đồng,0,4,1
22,Nữ,1,565000.0,1,Đồng,1,1,0
22,Nam,1,791000.0,7,Đồng,1,1,1
25,Nam,1,800000.0,4,Bạc,0,3,1
34,Nữ,1,657000.0,1,Đồng,0,1,1
29,Nam,6,919000.0,4,Vàng,1,4,1
28,Nam,4,791000.0,9,Bạc,0,5,1
26,Nam,2,591000.0,2,Đồng,1,1,1
27,Nữ,1,686000.0,3,Bạc,0,3,0
27,Nữ,1,590000.0,1,Đồng,1,5,1
43,Nữ,4,1183000.0,2,Kim Cương,1,5,1
24,Nữ,1,615000.0,8,Đồng,0,1,1
23,Nam,1,777000.0,1,Đồng,0,5,1
35,Nữ,1,748000.0,2,Đồng,0,3,1
29,Nữ,3,722000.0,11,Bạc,0,1,1
21,Nam,1,597000.0,2,Đồng,0,3,1
26,Nam,1,579000.0,2,Đồng,1,3,0
40,Nữ,4,1185000.0,7,Kim Cương,1,3,1
26,Nữ,1,659000.0,3,Đồng,1,1,1
20,Nam,1,576000.0,1,Đồng,0,1,0
36,Nữ,15,1211000.0,9,Kim Cương,1,5,1
28,Nam,1,588000.0,1,Đồng,1,3,1
24,Nam,1,630000.0,4,Đồng,1,3,1
30,Nam,1,642000.0,1,Đồng,0,5,0
24,Nam,1,737000.0,3,Đồng,1,5,1
33,Nam,1,638000.0,1,Đồng,1,4,1
39,Nữ,2,1221000.0,2,Kim Cương,1,5,1
22,Nam,3,602000.0,3,Đồng,1,5,1
38,Nam,1,1096000.0,3,Kim Cương,1,4,1
30,Nam,1,832000.0,7,Vàng,0,5,1
27,Nữ,1,586000.0,1,Đồng,1,4,0
28,Nữ,1,645000.0,1,Đồng,0,3,1
32,Nam,1,618000.0,7,Đồng,1,3,1
25,Nam,8,627000.0,9,Đồng,1,3,1
35,Nam,13,840000.0,17,Đồng,1,1,1
20,Nam,2,661000.0,2,Đồng,1,1,1
38,Nam,1,721000.0,4,Bạc,0,1,1
37,Nam,1,761000.0,3,Bạc,1,5,1
47,Nam,1,757000.0,9,Bạc,0,1,1
27,Nữ,2,729000.0,2,Đồng,1,4,1
28,Nữ,1,690000.0,7,Đồng,1,3,1
27,Nữ,7,963000.0,7,Vàng,1,5,1
29,Nam,4,604000.0,10,Đồng,0,1,1
33,Nữ,1,719000.0,3,Bạc,1,4,1
21,Nam,1,688000.0,1,Đồng,1,1,1
23,Nam,5,750000.0,7,Đồng,1,4,1
32,Nữ,2,997000.0,1,Vàng,0,5,1
30,Nữ,4,817000.0,12,Vàng,1,1,1
30,Nam,6,602000.0,8,Đồng,1,5,1
44,Nữ,1,911000.0,4,Vàng,0,3,1
28,Nữ,7,579000.0,7,Đồng,1,1,1
28,Nữ,1,754000.0,1,Đồng,0,4,0
20,Nữ,1,665000.0,2,Đồng,1,1,1
43,Nam,1,1099000.0,9,Kim Cương,1,1,1
23,Nam,1,719000.0,1,Bạc,1,5,1
26,Nữ,1,823000.0,8,Bạc,1,5,1
46,Nữ,1,740000.0,5,Bạc,0,1,1
37,Nam,1,1177000.0,7,Kim Cương,1,1,1
39,Nam,1,1114000.0,1,Kim Cương,1,3,1
28,Nam,1,618000.0,7,Đồng,0,4,1
40,Nam,1,567000.0,1,Đồng,0,4,1
22,Nam,1,566000.0,3,Đồng,1,3,1
24,Nam,1,697000.0,1,Bạc,1,1,1
38,Nam,1,1084000.0,1,Kim Cương,1,1,1
23,Nữ,1,1046000.0,7,Kim Cương,1,1,1
26,Nữ,1,658000.0,1,Đồng,1,3,1
39,Nam,3,1068000.0,10,Kim Cương,1,4,1
26,Nam,1,798000.0,8,Bạc,0,3,1
22,Nữ,1,596000.0,1,Đồng,0,1,1
28,Nam,1,689000.0,1,Đồng,1,3,1
23,Nam,1,566000.0,1,Đồng,1,1,0
21,Nam,2,712000.0,2,Đồng,1,1,1
27,Nữ,1,1162000.0,11,Kim Cương,1,4,0
45,Nam,2,979000.0,1,Vàng,1,4,1
21,Nữ,2,704000.0,2,Đồng,1,3,0
36,Nữ,1,1131000.0,8,Kim Cương,1,4,1
27,Nữ,1,645000.0,2,Đồng,1,5,1
40,Nam,11,1180000.0,10,Kim Cương,1,4,1
47,Nam,5,836000.0,4,Vàng,1,1,1
32,Nữ,5,657000.0,10,Đồng,0,4,1
27,Nam,1,554000.0,2,Đồng,1,3,1
34,Nam,14,1144000.0,13,Kim Cương,1,5,1
28,Nam,1,629000.0,8,Đồng,0,4,1
28,Nam,2,642000.0,2,Đồng,1,3,1
33,Nữ,1,636000.0,1,Đồng,0,4,1
34,Nữ,15,857000.0,17,Vàng,1,1,1
31,Nữ,5,658000.0,12,Bạc,1,4,1
27,Nữ,1,740000.0,5,Bạc,0,1,0
26,Nam,2,624000.0,2,Đồng,0,1,1
40,Nữ,7,621000.0,7,Đồng,1,3,1
25,Nữ,1,740000.0,7,Đồng,0,3,1
21,Nữ,7,622000.0,7,Đồng,1,3,0
28,Nam,1,552000.0,2,Đồng,1,5,1
29,Nữ,2,657000.0,1,Đồng,1,4,1
27,Nam,1,744000.0,8,Bạc,0,1,1
37,Nữ,1,1228000.0,1,Kim Cương,1,4,1
31,Nữ,15,1063000.0,2,Kim Cương,1,4,1
48,Nam,2,576000.0,2,Đồng,1,3,1
21,Nam,1,746000.0,1,Đồng,0,3,0
22,Nam,1,640000.0,3,Đồng,0,5,0
23,Nữ,6,648000.0,7,Đồng,1,1,1
30,Nữ,1,727000.0,7,Bạc,1,3,1
37,Nữ,5,610000.0,7,Đồng,1,5,1
22,Nữ,7,699000.0,5,Bạc,1,1,1
39,Nữ,1,1025000.0,2,Kim Cương,1,5,1
24,Nam,1,791000.0,1,Vàng,1,4,0
35,Nam,7,875000.0,7,Bạc,1,4,0
24,Nữ,1,1046000.0,3,Vàng,1,5,1
32,Nam,1,630000.0,7,Đồng,1,3,1
24,Nữ,9,920000.0,6,Vàng,1,3,1
34,Nam,11,712000.0,9,Bạc,1,4,1
27,Nữ,2,559000.0,2,Đồng,1,4,0
26,Nam,1,576000.0,2,Đồng,1,5,0
33,Nam,2,1087000.0,10,Kim Cương,1,3,1
45,Nữ,9,1144000.0,11,Kim Cương,1,3,1
44,Nam,7,1176000.0,7,Kim Cương,1,4,1
31,Nam,1,673000.0,1,Đồng,1,3,1
27,Nam,1,757000.0,6,Bạc,0,1,1
33,Nam,8,664000.0,8,Đồng,1,1,1
32,Nữ,1,706000.0,7,Đồng,0,5,1
31,Nam,1,621000.0,1,Đồng,1,3,1
41,Nam,2,934000.0,10,Vàng,0,4,1
29,Nữ,1,766000.0,7,Bạc,0,5,1
30,Nữ,9,696000.0,6,Bạc,1,5,1
24,Nam,1,602000.0,2,Đồng,0,1,1
38,Nữ,5,850000.0,9,Vàng,1,5,0
36,Nam,1,726000.0,3,Đồng,1,4,1
30,Nữ,6,708000.0,13,Đồng,1,5,1
40,Nam,1,738000.0,8,Bạc,1,1,1
22,Nữ,1,611000.0,1,Đồng,0,1,1
40,Nữ,1,981000.0,3,Vàng,0,4,1
28,Nữ,1,597000.0,1,Đồng,1,1,1
30,Nữ,1,672000.0,1,Bạc,0,1,1
23,Nam,1,782000.0,1,Đồng,0,1,1
38,Nam,2,1013000.0,8,Vàng,1,3,0
42,Nam,2,929000.0,9,Vàng,1,4,1
31,Nữ,1,685000.0,1,Đồng,1,3,1
33,Nữ,11,824000.0,8,Bạc,1,3,1
25,Nam,7,689000.0,7,Bạc,1,3,1
23,Nữ,1,619000.0,1,Đồng,0,1,0
22,Nữ,3,738000.0,2,Đồng,0,3,0
30,Nam,1,569000.0,3,Đồng,0,3,1
28,Nữ,4,699000.0,11,Bạc,1,1,1
25,Nam,1,636000.0,4,Đồng,1,5,1
23,Nam,6,743000.0,7,Bạc,1,3,0
31,Nam,1,696000.0,4,Bạc,0,1,1
38,Nam,3,824000.0,2,Vàng,1,4,1
30,Nữ,3,705000.0,3,Bạc,1,1,1
30,Nam,1,641000.0,3,Đồng,1,3,1
26,Nam,1,835000.0,2,Vàng,1,1,1
25,Nam,1,645000.0,2,Đồng,1,4,1
31,Nam,1,984000.0,3,Vàng,0,3,1
23,Nam,1,684000.0,2,Bạc,1,3,1
45,Nữ,2,909000.0,2,Vàng,1,3,1
33,Nữ,1,661000.0,8,Đồng,0,3,1
20,Nữ,4,670000.0,4,Bạc,1,1,1
22,Nữ,7,592000.0,7,Đồng,1,3,0
20,Nam,1,625000.0,1,Đồng,1,1,1
33,Nữ,1,1068000.0,9,Kim Cương,1,5,1
40,Nữ,1,609000.0,4,Đồng,1,5,1
29,Nữ,1,706000.0,2,Đồng,1,3,1
29,Nam,2,785000.0,2,Vàng,1,1,1
21,Nam,1,588000.0,2,Đồng,0,1,1
23,Nam,1,614000.0,7,Đồng,0,5,1
25,Nam,1,771000.0,9,Bạc,0,5,1
34,Nam,1,757000.0,3,Đồng,0,5,0
21,Nữ,7,742000.0,7,Bạc,1,1,0
44,Nữ,12,1159000.0,7,Kim Cương,1,1,1
44,Nữ,1,1175000.0,5,Kim Cương,1,5,1
43,Nam,2,986000.0,1,Vàng,0,1,1
30,Nữ,1,857000.0,1,Vàng,0,4,1
29,Nữ,1,543000.0,1,Đồng,0,3,0
21,Nữ,1,683000.0,2,Đồng,1,5,1
28,Nữ,1,1011000.0,1,Kim Cương,1,4,1
28,Nam,1,626000.0,3,Đồng,1,5,1
28,Nữ,1,540000.0,1,Đồng,0,4,0
27,Nam,1,597000.0,4,Đồng,1,5,1
27,Nam,1,746000.0,8,Bạc,0,1,1
29,Nữ,1,696000.0,2,Bạc,1,5,1
39,Nam,1,609000.0,2,Đồng,1,1,1
22,Nam,2,641000.0,2,Đồng,1,5,0
32,Nam,1,642000.0,3,Đồng,0,3,1
30,Nữ,1,716000.0,1,Đồng,0,5,1
37,Nữ,5,1154000.0,6,Kim Cương,1,3,1
22,Nữ,1,633000.0,3,Đồng,1,3,1
26,Nam,1,795000.0,3,Vàng,0,1,1
27,Nữ,1,680000.0,2,Đồng,1,4,1
28,Nam,1,568000.0,3,Đồng,0,3,1
29,Nam,1,612000.0,7,Đồng,0,3,1
27,Nam,9,935000.0,9,Vàng,1,1,1
29,Nam,4,808000.0,3,Vàng,1,1,0
26,Nữ,1,782000.0,1,Đồng,0,5,0
21,Nữ,4,723000.0,7,Bạc,1,4,0
34,Nam,1,937000.0,7,Vàng,1,5,1
30,Nữ,1,657000.0,2,Đồng,1,4,1
20,Nam,2,634000.0,2,Đồng,0,1,0
36,Nam,1,890000.0,2,Vàng,1,1,1
38,Nam,2,661000.0,2,Bạc,0,5,1
23,Nữ,2,633000.0,2,Đồng,1,3,0
33,Nam,2,925000.0,8,Vàng,1,4,1
20,Nam,1,861000.0,3,Bạc,0,5,1
35,Nam,1,631000.0,3,Đồng,0,3,1
41,Nam,8,1031000.0,8,Kim Cương,1,4,1
41,Nam,1,743000.0,2,Bạc,0,3,1
34,Nam,1,605000.0,2,Đồng,1,3,1
34,Nam,1,624000.0,3,Đồng,1,4,1
28,Nam,1,670000.0,3,Đồng,1,5,1
28,Nam,3,742000.0,12,Đồng,1,5,1
25,Nam,2,715000.0,2,Bạc,1,3,1
32,Nữ,5,633000.0,8,Đồng,0,1,1
33,Nữ,1,653000.0,1,Đồng,0,3,1
29,Nam,1,556000.0,1,Đồng,0,3,1
46,Nam,2,837000.0,8,Đồng,1,3,1
39,Nam,1,865000.0,7,Vàng,0,4,1
26,Nam,6,1074000.0,9,Kim Cương,1,5,1
19,Nam,1,638000.0,2,Đồng,1,3,0
22,Nữ,1,669000.0,1,Bạc,1,4,0
22,Nữ,10,812000.0,10,Đồng,1,4,0
28,Nam,1,592000.0,1,Đồng,0,3,1
20,Nam,1,587000.0,1,Đồng,0,5,0
28,Nữ,1,580000.0,1,Đồng,0,4,1
37,Nam,2,917000.0,2,Vàng,1,3,1
22,Nam,1,806000.0,4,Bạc,1,3,1
28,Nam,1,701000.0,3,Đồng,0,3,1
45,Nam,1,689000.0,2,Đồng,1,3,1
25,Nữ,1,608000.0,2,Đồng,1,4,1
36,Nữ,1,722000.0,2,Đồng,1,3,1
23,Nam,1,567000.0,1,Đồng,1,5,0
29,Nam,1,580000.0,1,Đồng,0,3,1
23,Nam,1,687000.0,3,Đồng,1,5,1
41,Nữ,1,848000.0,2,Đồng,0,5,1
22,Nữ,1,617000.0,2,Đồng,1,4,1
24,Nam,1,740000.0,7,Bạc,0,4,1
26,Nam,1,779000.0,1,Bạc,1,3,1
25,Nam,1,1055000.0,3,Vàng,0,1,1
44,Nữ,2,1133000.0,12,Kim Cương,0,1,1
22,Nam,1,591000.0,7,Đồng,1,5,0
34,Nam,14,1037000.0,17,Kim Cương,1,5,1
31,Nữ,2,858000.0,2,Bạc,1,4,1
36,Nữ,5,1031000.0,1,Kim Cương,1,4,1
28,Nữ,3,880000.0,3,Bạc,1,4,1
27,Nam,1,603000.0,2,Đồng,1,3,1
28,Nam,1,595000.0,1,Đồng,1,5,0
26,Nam,8,757000.0,6,Bạc,1,3,1
20,Nữ,7,631000.0,7,Đồng,1,3,0
41,Nam,2,976000.0,9,Vàng,1,1,1
28,Nam,5,769000.0,7,Đồng,1,3,1
34,Nam,1,685000.0,1,Đồng,0,4,1
32,Nam,3,712000.0,7,Đồng,1,1,1
22,Nữ,1,826000.0,7,Vàng,1,5,1
24,Nam,1,653000.0,2,Đồng,1,4,1
28,Nam,1,688000.0,3,Đồng,1,1,1
37,Nam,13,854000.0,9,Vàng,1,1,1
32,Nam,7,675000.0,1,Bạc,1,5,1
28,Nam,5,667000.0,7,Bạc,1,3,1
32,Nam,7,1161000.0,7,Kim Cương,1,1,1
28,Nam,1,603000.0,1,Đồng,0,5,1
32,Nam,2,720000.0,2,Đồng,1,1,1
35,Nam,7,738000.0,7,Bạc,1,4,1
28,Nữ,4,743000.0,2,Đồng,1,3,1
27,Nữ,2,688000.0,5,Bạc,1,4,1
27,Nam,1,720000.0,2,Đồng,1,1,1
40,Nữ,7,736000.0,7,Bạc,1,3,1
22,Nam,1,668000.0,1,Đồng,0,3,1
29,Nam,2,720000.0,2,Bạc,1,5,1
23,Nam,6,796000.0,7,Vàng,1,5,0
29,Nam,1,679000.0,2,Bạc,0,3,1
29,Nam,1,683000.0,2,Đồng,1,5,1
29,Nam,1,796000.0,3,Vàng,1,4,1
26,Nữ,1,566000.0,1,Đồng,1,5,0
37,Nữ,1,885000.0,9,Vàng,0,1,0
23,Nam,1,640000.0,4,Đồng,1,4,0
25,Nam,1,661000.0,2,Đồng,0,5,1
39,Nữ,7,576000.0,6,Đồng,1,5,1
26,Nam,1,610000.0,1,Đồng,0,1,1
44,Nam,2,1172000.0,13,Kim Cương,0,1,1
27,Nam,2,750000.0,1,Bạc,0,1,1
27,Nữ,1,701000.0,1,Đồng,1,1,1
31,Nam,7,803000.0,7,Vàng,1,4,1
30,Nữ,1,634000.0,2,Đồng,1,4,1
30,Nữ,1,733000.0,1,Bạc,1,3,1
24,Nam,1,741000.0,5,Đồng,0,5,1
27,Nữ,1,757000.0,4,Bạc,0,3,1
31,Nam,7,749000.0,6,Bạc,1,3,1
25,Nam,1,888000.0,3,Vàng,1,1,1
43,Nam,1,1164000.0,1,Kim Cương,0,3,1
30,Nam,2,626000.0,2,Đồng,0,3,1
30,Nam,1,693000.0,2,Bạc,0,5,1
35,Nam,1,1173000.0,1,Kim Cương,1,1,1
27,Nam,6,684000.0,8,Đồng,1,3,1
26,Nam,7,692000.0,7,Đồng,1,3,1
34,Nữ,1,693000.0,2,Đồng,0,5,1
36,Nam,1,656000.0,2,Đồng,1,4,1
27,Nam,1,676000.0,1,Đồng,1,1,1
39,Nam,1,1107000.0,12,Kim Cương,1,5,1
24,Nam,1,652000.0,1,Đồng,0,4,0
25,Nữ,1,620000.0,3,Đồng,1,3,1
41,Nam,12,905000.0,3,Vàng,0,3,1
25,Nữ,1,681000.0,2,Đồng,1,1,1
36,Nữ,1,1140000.0,10,Kim Cương,1,1,1
27,Nam,1,569000.0,1,Đồng,1,4,1
38,Nữ,1,715000.0,4,Bạc,0,5,1
36,Nam,4,685000.0,5,Đồng,1,5,1
25,Nam,1,686000.0,3,Bạc,1,5,1
27,Nữ,1,649000.0,1,Đồng,0,3,1
28,Nam,7,666000.0,2,Đồng,1,1,1
38,Nữ,1,633000.0,4,Đồng,1,5,1
32,Nam,7,687000.0,7,Bạc,1,5,1
18,Nam,1,615000.0,7,Đồng,0,5,1
29,Nam,1,652000.0,10,Bạc,1,5,1
23,Nữ,1,791000.0,1,Đồng,1,5,1
24,Nam,2,690000.0,2,Đồng,0,1,1
27,Nữ,1,550000.0,1,Đồng,1,1,0
36,Nữ,1,1174000.0,1,Kim Cương,1,3,1
30,Nam,1,643000.0,7,Đồng,0,3,1
34,Nữ,14,849000.0,12,Vàng,1,3,1
28,Nữ,2,633000.0,9,Đồng,0,3,1
28,Nam,1,760000.0,2,Bạc,0,3,1
32,Nữ,3,676000.0,8,Đồng,1,3,1
37,Nữ,3,790000.0,9,Bạc,1,1,1
30,Nữ,1,853000.0,2,Bạc,0,3,1
24,Nam,6,905000.0,1,Vàng,0,5,0
28,Nữ,7,611000.0,7,Đồng,1,4,1
32,Nữ,3,799000.0,3,Bạc,1,1,1
36,Nam,1,669000.0,2,Bạc,1,1,1
40,Nam,2,1181000.0,2,Vàng,0,1,1
22,Nam,2,704000.0,2,Bạc,0,1,0
22,Nữ,1,635000.0,3,Đồng,0,1,1
21,Nữ,1,688000.0,2,Đồng,0,3,1
25,Nam,1,598000.0,2,Đồng,0,1,1
29,Nam,1,599000.0,3,Đồng,0,5,0
22,Nam,1,673000.0,4,Bạc,1,3,1
28,Nữ,1,756000.0,2,Bạc,1,5,1
25,Nam,1,742000.0,7,Bạc,1,3,1
32,Nam,1,804000.0,1,Bạc,1,4,1
38,Nữ,1,1085000.0,2,Kim Cương,1,4,1
40,Nữ,2,970000.0,11,Vàng,0,5,1
20,Nữ,2,694000.0,2,Đồng,0,3,1
28,Nữ,7,674000.0,9,Bạc,1,4,1
30,Nam,1,549000.0,3,Đồng,0,4,1
39,Nữ,2,1052000.0,12,Vàng,1,3,1
27,Nữ,1,685000.0,2,Đồng,0,3,1
30,Nam,1,839000.0,4,Bạc,0,5,1
41,Nữ,4,1253000.0,7,Kim Cương,1,3,1
35,Nam,6,1243000.0,11,Kim Cương,1,3,1
20,Nam,6,827000.0,7,Đồng,1,1,0
30,Nam,2,697000.0,9,Đồng,1,1,1
19,Nam,1,649000.0,9,Đồng,0,4,1
27,Nam,1,706000.0,4,Bạc,1,1,1
24,Nam,1,690000.0,6,Bạc,1,4,1
24,Nữ,1,660000.0,2,Bạc,0,1,1
41,Nữ,2,643000.0,2,Đồng,0,5,1
30,Nữ,3,728000.0,3,Đồng,0,4,1
42,Nữ,2,1041000.0,2,Vàng,1,4,1
37,Nam,2,1022000.0,1,Vàng,1,3,1
34,Nam,1,787000.0,2,Bạc,0,3,1
21,Nam,1,572000.0,2,Đồng,0,5,1
25,Nữ,1,867000.0,2,Bạc,0,1,1
30,Nam,1,701000.0,2,Bạc,1,3,1
34,Nữ,2,692000.0,2,Đồng,1,1,1
22,Nam,1,613000.0,2,Đồng,1,3,0
29,Nữ,1,711000.0,1,Đồng,0,3,1
39,Nam,1,769000.0,2,Bạc,0,1,1
32,Nữ,7,570000.0,7,Đồng,1,3,0
30,Nam,1,545000.0,1,Đồng,0,4,0
23,Nam,5,702000.0,7,Đồng,0,1,1
42,Nam,1,613000.0,2,Đồng,1,4,1
30,Nam,4,658000.0,13,Đồng,0,1,1
45,Nam,1,968000.0,1,Vàng,1,1,1
29,Nam,2,655000.0,13,Đồng,0,4,1
29,Nam,1,835000.0,3,Vàng,1,1,1
26,Nữ,8,594000.0,7,Đồng,1,1,1
32,Nam,1,708000.0,2,Đồng,1,1,0
35,Nữ,6,857000.0,7,Bạc,1,1,1
29,Nam,1,688000.0,4,Đồng,1,1,1
33,Nam,8,826000.0,8,Bạc,1,1,1
23,Nam,1,701000.0,4,Đồng,0,3,1
32,Nam,8,796000.0,7,Vàng,1,3,1
23,Nữ,1,670000.0,2,Đồng,0,3,1
28,Nữ,6,689000.0,7,Đồng,1,1,1
36,Nam,14,1009000.0,4,Vàng,1,3,1
26,Nam,1,535000.0,1,Đồng,0,3,0
31,Nam,14,899000.0,3,Vàng,1,3,0
28,Nam,1,619000.0,2,Đồng,1,3,1
38,Nữ,8,1020000.0,6,Kim Cương,1,4,1
22,Nam,1,625000.0,3,Đồng,0,3,1
25,Nam,1,641000.0,3,Đồng,1,3,1
33,Nam,1,811000.0,2,Bạc,0,4,1
32,Nữ,1,769000.0,1,Bạc,1,5,1
18,Nam,1,640000.0,2,Đồng,1,5,1
36,Nam,1,708000.0,9,Bạc,1,4,1
28,Nam,1,780000.0,7,Bạc,1,3,1
25,Nam,1,592000.0,8,Đồng,0,1,1
38,Nam,1,644000.0,1,Đồng,0,4,1
37,Nam,1,832000.0,3,Vàng,0,1,1
21,Nam,2,711000.0,2,Bạc,1,5,0
23,Nam,1,761000.0,1,Bạc,0,4,0
23,Nữ,1,620000.0,2,Đồng,0,4,1
24,Nữ,1,788000.0,4,Bạc,0,1,1
33,Nam,5,752000.0,8,Bạc,0,1,1
28,Nam,1,823000.0,2,Vàng,0,3,1
29,Nam,12,1180000.0,8,Kim Cương,1,4,1
35,Nữ,1,947000.0,3,Vàng,1,3,1
22,Nữ,1,719000.0,7,Đồng,0,5,1
30,Nam,2,599000.0,1,Đồng,0,1,1
28,Nữ,1,555000.0,2,Đồng,1,1,0
25,Nam,1,872000.0,2,Bạc,1,3,1
22,Nữ,1,595000.0,4,Đồng,0,1,1
23,Nữ,2,603000.0,2,Đồng,1,4,0
22,Nam,1,701000.0,2,Bạc,1,3,1
26,Nam,1,713000.0,7,Bạc,1,5,1
28,Nam,1,624000.0,2,Đồng,1,1,1
26,Nữ,1,710000.0,7,Bạc,1,4,1
38,Nữ,1,644000.0,4,Đồng,0,1,1
21,Nữ,1,894000.0,1,Bạc,1,5,0
31,Nữ,1,609000.0,5,Đồng,0,4,1
22,Nam,1,776000.0,1,Bạc,0,3,0
29,Nữ,1,582000.0,1,Đồng,0,5,1
22,Nam,1,729000.0,7,Bạc,1,3,1
22,Nam,1,617000.0,7,Đồng,1,4,1
33,Nam,1,746000.0,1,Bạc,0,1,1
24,Nam,1,638000.0,1,Đồng,1,3,0
34,Nam,1,739000.0,4,Đồng,1,4,1
44,Nam,1,1109000.0,1,Kim Cương,1,5,1
24,Nam,1,643000.0,7,Đồng,0,4,1
29,Nam,1,693000.0,4,Đồng,0,5,1
26,Nam,1,658000.0,7,Đồng,1,3,1
42,Nữ,1,1035000.0,3,Vàng,1,3,1
32,Nam,1,628000.0,8,Đồng,1,1,1
29,Nữ,2,693000.0,2,Bạc,1,1,1
21,Nam,1,601000.0,1,Đồng,0,4,0
32,Nữ,1,603000.0,4,Đồng,1,3,1
23,Nữ,1,652000.0,1,Đồng,0,5,0
24,Nữ,5,705000.0,7,Bạc,0,1,1
39,Nữ,2,905000.0,3,Vàng,1,3,1
29,Nam,1,664000.0,3,Đồng,1,4,1
34,Nam,2,1163000.0,2,Kim Cương,1,1,1
29,Nam,5,781000.0,7,Bạc,1,5,1
28,Nam,2,575000.0,3,Đồng,1,4,0
31,Nam,4,645000.0,7,Đồng,1,4,1
20,Nam,7,776000.0,7,Bạc,1,1,0
25,Nam,7,706000.0,6,Đồng,1,5,1
27,Nam,1,550000.0,3,Đồng,0,1,1
32,Nam,2,1066000.0,2,Vàng,1,3,1
37,Nam,2,801000.0,2,Bạc,1,4,1
32,Nữ,1,683000.0,2,Đồng,1,5,1
32,Nam,1,767000.0,1,Bạc,1,5,1
27,Nam,1,714000.0,7,Bạc,1,1,1
29,Nam,3,598000.0,8,Đồng,1,4,1
24,Nam,1,746000.0,7,Bạc,0,5,0
20,Nam,1,680000.0,8,Đồng,0,5,0
29,Nam,2,722000.0,2,Đồng,1,1,1
36,Nam,1,593000.0,2,Đồng,1,3,1
32,Nam,1,720000.0,2,Bạc,0,4,1
33,Nữ,13,849000.0,5,Vàng,1,3,1
23,Nữ,1,839000.0,2,Vàng,0,3,1
29,Nữ,1,554000.0,4,Đồng,0,4,0
29,Nữ,3,936000.0,7,Vàng,1,4,0
30,Nữ,1,783000.0,3,Bạc,0,1,1
25,Nam,4,853000.0,8,Bạc,1,3,1
45,Nam,14,1171000.0,14,Kim Cương,1,4,1
27,Nam,1,647000.0,3,Đồng,0,3,1
37,Nữ,14,831000.0,10,Vàng,1,4,1
34,Nữ,7,642000.0,7,Đồng,1,5,1
46,Nữ,1,764000.0,7,Bạc,1,1,1
26,Nữ,2,838000.0,2,Vàng,1,5,1
22,Nữ,1,810000.0,2,Đồng,1,5,1
32,Nữ,1,793000.0,3,Bạc,0,1,1
21,Nam,1,665000.0,2,Đồng,1,1,1
48,Nam,2,1035000.0,2,Vàng,1,3,1
30,Nữ,1,608000.0,1,Đồng,1,3,1
21,Nam,1,670000.0,1,Đồng,1,5,0
21,Nam,2,620000.0,1,Đồng,1,5,0
37,Nữ,5,815000.0,7,Bạc,1,3,1
29,Nữ,1,873000.0,1,Bạc,1,4,1
31,Nam,7,802000.0,7,Bạc,1,1,1
21,Nữ,1,606000.0,2,Đồng,1,1,1
24,Nam,3,637000.0,10,Đồng,1,1,1
28,Nam,1,664000.0,1,Đồng,0,1,1
32,Nam,3,744000.0,3,Đồng,1,3,1
28,Nữ,2,567000.0,1,Đồng,0,3,1
35,Nam,4,804000.0,7,Bạc,0,1,1
23,Nam,2,632000.0,2,Đồng,1,1,1
22,Nam,1,779000.0,6,Bạc,0,3,1
31,Nam,1,642000.0,1,Đồng,1,3,1
22,Nam,2,817000.0,2,Vàng,1,4,0
36,Nữ,2,923000.0,8,Vàng,1,5,1
23,Nữ,5,748000.0,8,Đồng,1,3,1
25,Nam,1,575000.0,1,Đồng,1,4,1
32,Nữ,6,1166000.0,14,Kim Cương,1,3,1
42,Nam,12,1174000.0,9,Kim Cương,1,4,1
18,Nam,1,758000.0,1,Đồng,1,1,0
27,Nữ,1,869000.0,7,Bạc,1,4,0
23,Nữ,7,758000.0,3,Đồng,0,5,1
32,Nam,2,655000.0,2,Đồng,0,1,1
44,Nam,1,705000.0,4,Đồng,1,1,1
22,Nữ,1,696000.0,1,Đồng,1,4,1
20,Nam,1,550000.0,1,Đồng,0,1,0
18,Nam,1,744000.0,1,Đồng,1,4,0
29,Nữ,1,697000.0,7,Bạc,0,3,1
24,Nam,1,619000.0,2,Đồng,0,3,1
28,Nam,1,826000.0,1,Vàng,0,1,1
27,Nam,1,596000.0,2,Đồng,0,5,1
29,Nam,1,787000.0,4,Đồng,0,5,1
29,Nữ,1,638000.0,2,Đồng,0,4,1
33,Nữ,3,704000.0,8,Bạc,0,1,1
30,Nam,1,759000.0,8,Đồng,1,1,1
32,Nam,11,1023000.0,16,Kim Cương,1,5,1
22,Nữ,1,609000.0,1,Đồng,0,3,1
22,Nữ,1,738000.0,7,Bạc,0,3,1
37,Nữ,4,1035000.0,7,Kim Cương,1,1,1
38,Nam,2,706000.0,2,Đồng,1,5,1
29,Nam,3,739000.0,1,Đồng,0,5,0
37,Nam,1,643000.0,1,Đồng,0,1,0
28,Nam,1,736000.0,3,Bạc,1,4,1
35,Nữ,1,776000.0,4,Đồng,0,4,1
34,Nam,2,942000.0,7,Vàng,1,5,1
24,Nữ,1,696000.0,4,Bạc,1,1,1
27,Nữ,1,759000.0,1,Bạc,0,1,1
23,Nữ,2,627000.0,2,Đồng,1,3,1
19,Nam,7,671000.0,7,Đồng,1,1,1
37,Nam,1,673000.0,3,Bạc,0,3,1
24,Nam,1,706000.0,9,Bạc,0,3,1
23,Nam,1,719000.0,7,Bạc,1,1,1
22,Nam,1,610000.0,1,Đồng,0,5,0
31,Nữ,1,789000.0,2,Bạc,0,3,1
27,Nam,1,556000.0,2,Đồng,0,4,1
28,Nam,6,729000.0,11,Bạc,1,1,1
21,Nữ,2,800000.0,2,Vàng,0,3,0
38,Nam,1,765000.0,7,Bạc,0,4,1
45,Nữ,1,732000.0,1,Bạc,0,5,1
30,Nam,7,860000.0,9,Bạc,0,5,1
29,Nữ,1,628000.0,7,Đồng,1,4,1
68,Nữ,1,1087000.0,1,Kim Cương,1,1,1
20,Nữ,1,608000.0,3,Đồng,0,3,0
28,Nam,1,758000.0,3,Đồng,0,1,1
36,Nam,4,1158000.0,3,Kim Cương,1,1,1
34,Nam,1,663000.0,1,Đồng,1,1,1
23,Nữ,1,592000.0,1,Đồng,1,4,0
25,Nam,1,738000.0,4,Bạc,1,5,1
29,Nam,1,599000.0,4,Đồng,0,3,1
28,Nam,2,613000.0,3,Đồng,1,5,1
30,Nam,1,740000.0,2,Đồng,1,4,1
30,Nam,2,951000.0,1,Vàng,1,1,1
29,Nam,1,866000.0,1,Bạc,0,3,1
23,Nam,7,607000.0,6,Đồng,1,5,1
22,Nam,1,672000.0,2,Bạc,0,5,1
27,Nữ,1,803000.0,2,Bạc,0,1,1
23,Nam,8,795000.0,7,Đồng,1,5,1
20,Nam,1,576000.0,3,Đồng,1,1,0
31,Nam,1,621000.0,1,Đồng,1,5,1
28,Nữ,1,652000.0,9,Bạc,1,1,1
20,Nam,1,661000.0,7,Đồng,1,1,1
26,Nam,1,990000.0,1,Vàng,1,1,1
22,Nam,1,665000.0,8,Bạc,0,1,0
35,Nam,2,849000.0,2,Vàng,0,5,0
43,Nữ,2,578000.0,3,Đồng,1,3,1
26,Nam,2,811000.0,8,Bạc,0,3,1
34,Nam,1,815000.0,9,Bạc,1,3,1
28,Nam,1,581000.0,2,Đồng,0,4,1
42,Nam,1,1173000.0,4,Kim Cương,1,4,1
26,Nữ,1,521000.0,1,Đồng,0,1,1
29,Nam,2,927000.0,10,Vàng,1,5,1
34,Nam,3,639000.0,7,Đồng,1,3,1
23,Nữ,4,973000.0,3,Vàng,1,3,1
42,Nữ,1,747000.0,4,Đồng,0,5,1
22,Nam,1,648000.0,2,Đồng,1,3,1
25,Nam,1,600000.0,4,Đồng,1,1,1
27,Nữ,9,687000.0,4,Bạc,1,3,1
30,Nữ,5,712000.0,10,Bạc,1,4,1
28,Nữ,1,600000.0,2,Đồng,0,4,1
24,Nam,1,635000.0,7,Đồng,1,4,1
22,Nam,1,732000.0,2,Đồng,0,3,1
37,Nam,12,941000.0,11,Bạc,1,3,1
31,Nam,1,564000.0,1,Đồng,0,3,1
30,Nam,5,687000.0,8,Đồng,1,4,1
27,Nam,1,703000.0,2,Đồng,0,3,1
33,Nam,7,655000.0,7,Bạc,1,3,1
34,Nam,1,748000.0,2,Bạc,1,5,1
33,Nam,1,739000.0,1,Đồng,0,1,1
37,Nữ,5,973000.0,3,Vàng,0,4,1
30,Nam,2,570000.0,2,Đồng,1,3,1
20,Nam,1,608000.0,2,Đồng,1,3,1
33,Nam,1,768000.0,8,Bạc,0,3,1
25,Nữ,8,671000.0,1,Đồng,1,1,1
27,Nữ,4,606000.0,1,Đồng,0,4,1
31,Nam,1,682000.0,1,Đồng,1,1,1
30,Nam,2,603000.0,2,Đồng,1,4,1
35,Nam,1,646000.0,7,Đồng,0,1,1
30,Nữ,2,923000.0,11,Vàng,0,3,1
26,Nữ,5,939000.0,7,Vàng,0,1,1
30,Nữ,2,1135000.0,8,Vàng,1,1,1
23,Nữ,1,807000.0,4,Đồng,0,3,1
42,Nam,1,656000.0,1,Đồng,1,1,1
37,Nam,1,578000.0,2,Đồng,1,1,1
21,Nam,1,561000.0,2,Đồng,1,5,1
32,Nam,1,1167000.0,3,Kim Cương,1,1,1
30,Nam,1,662000.0,1,Đồng,1,5,0
27,Nữ,3,850000.0,4,Bạc,0,1,1
29,Nữ,1,679000.0,2,Bạc,0,4,1
44,Nam,1,837000.0,9,Bạc,0,3,1
24,Nam,2,683000.0,2,Đồng,1,1,0
35,Nam,4,1089000.0,14,Kim Cương,1,3,1
39,Nam,9,560000.0,8,Đồng,1,3,0
31,Nữ,2,1099000.0,10,Vàng,1,4,1
27,Nữ,1,850000.0,7,Bạc,1,3,1
28,Nam,11,853000.0,11,Bạc,1,1,1
33,Nam,1,771000.0,4,Vàng,1,4,1
24,Nam,1,608000.0,2,Đồng,0,5,1
29,Nữ,1,843000.0,7,Vàng,1,1,1
27,Nữ,1,656000.0,9,Bạc,0,1,1
34,Nam,1,715000.0,1,Bạc,1,3,0
31,Nữ,1,728000.0,1,Bạc,1,1,1
35,Nữ,1,700000.0,1,Đồng,0,3,1
31,Nam,2,620000.0,2,Đồng,0,3,1
29,Nam,1,712000.0,2,Bạc,0,3,1
26,Nữ,1,594000.0,2,Đồng,0,3,1
27,Nữ,1,595000.0,1,Đồng,1,1,1
25,Nam,1,644000.0,3,Đồng,0,4,1
22,Nữ,1,651000.0,4,Đồng,0,5,1
32,Nam,2,862000.0,1,Vàng,1,5,0
32,Nữ,9,870000.0,3,Vàng,1,1,1
25,Nam,1,923000.0,7,Vàng,1,5,1
23,Nữ,1,685000.0,1,Đồng,1,3,1
31,Nam,1,657000.0,3,Đồng,0,1,1
31,Nam,1,865000.0,7,Vàng,0,5,1
22,Nam,1,817000.0,3,Bạc,0,4,1
42,Nam,1,702000.0,8,Bạc,1,4,1
28,Nam,1,641000.0,2,Đồng,1,3,1
26,Nữ,2,772000.0,6,Bạc,1,2,0
20,Nam,2,707000.0,1,Đồng,1,3,0
22,Nam,2,690000.0,4,Đồng,1,3,0
21,Nam,2,869000.0,4,Bạc,1,5,0
23,Nam,2,675000.0,4,Bạc,1,5,0
25,Nữ,7,870000.0,8,Bạc,1,5,0
25,Nam,2,692000.0,1,Đồng,1,2,0
22,Nam,3,728000.0,1,Đồng,1,2,0
33,Nam,2,711000.0,3,Bạc,1,3,0
23,Nam,2,668000.0,2,Đồng,1,3,0
25,Nữ,16,1250000.0,9,Kim Cương,1,3,0
29,Nam,2,782000.0,1,Bạc,1,3,0
19,Nam,3,720000.0,3,Bạc,1,3,0
22,Nam,2,778000.0,1,Bạc,1,3,0
29,Nam,5,963000.0,3,Vàng,1,2,0
21,Nam,2,811000.0,3,Đồng,1,5,0
22,Nữ,2,779000.0,1,Bạc,1,2,0
27,Nam,2,764000.0,4,Bạc,1,3,0
22,Nam,2,969000.0,7,Bạc,1,3,0
37,Nữ,5,844000.0,4,Bạc,1,4,0
22,Nam,8,883000.0,8,Bạc,1,3,0
39,Nữ,16,925000.0,3,Vàng,1,2,0
25,Nam,2,754000.0,1,Đồng,1,3,0
21,Nữ,3,726000.0,3,Bạc,1,3,0
35,Nam,2,981000.0,4,Vàng,1,2,0
24,Nữ,2,879000.0,5,Bạc,1,5,0
30,Nam,2,843000.0,7,Vàng,1,4,1
42,Nam,5,789000.0,6,Đồng,1,3,1
38,Nam,2,760000.0,16,Đồng,1,4,1
24,Nữ,4,913000.0,3,Vàng,1,2,1
24,Nam,2,748000.0,10,Bạc,1,3,1
22,Nam,2,866000.0,1,Bạc,1,3,1
45,Nữ,2,822000.0,1,Bạc,1,4,1
34,Nam,2,927000.0,12,Vàng,1,2,1
29,Nữ,2,756000.0,3,Đồng,1,3,1
22,Nam,3,849000.0,3,Đồng,1,2,1
20,Nam,3,750000.0,3,Đồng,1,4,1
20,Nam,2,667000.0,3,Bạc,1,2,1
48,Nam,2,957000.0,3,Vàng,1,2,1
19,Nam,2,722000.0,2,Đồng,1,3,1
40,Nữ,5,1278000.0,5,Kim Cương,1,4,1
35,Nam,2,673000.0,9,Đồng,1,3,1
29,Nữ,8,896000.0,3,Vàng,1,2,1
32,Nữ,2,1023000.0,3,Vàng,1,2,1
25,Nam,2,812000.0,5,Bạc,1,3,1
20,Nam,2,753000.0,2,Bạc,1,4,1
23,Nữ,2,804000.0,1,Đồng,1,5,0
28,Nam,8,662000.0,3,Đồng,1,4,1
26,Nam,7,678000.0,11,Bạc,1,5,1
38,Nữ,2,740000.0,4,Bạc,1,5,1
47,Nữ,3,821000.0,3,Bạc,1,5,1
29,Nam,2,705000.0,3,Đồng,1,2,1
23,Nam,2,780000.0,1,Đồng,1,2,0
37,Nữ,16,1124000.0,3,Vàng,1,5,1
30,Nữ,3,668000.0,2,Đồng,1,2,1
25,Nữ,2,886000.0,3,Bạc,1,2,1
24,Nữ,2,714000.0,3,Đồng,1,4,1
25,Nữ,2,845000.0,3,Bạc,1,4,0
44,Nam,2,758000.0,3,Bạc,1,3,1
47,Nữ,2,722000.0,4,Bạc,1,5,1
25,Nữ,2,698000.0,7,Bạc,1,4,1
33,Nữ,10,1234000.0,10,Kim Cương,1,3,1
45,Nam,3,1224000.0,16,Kim Cương,1,4,1
26,Nam,2,976000.0,3,Vàng,1,3,1
38,Nữ,2,1124000.0,1,Kim Cương,1,4,1
39,Nam,12,1265000.0,10,Kim Cương,1,3,1
23,Nữ,2,728000.0,4,Đồng,1,4,1
22,Nam,2,799000.0,2,Bạc,1,3,0
32,Nam,3,692000.0,3,Đồng,1,2,1
36,Nam,12,1162000.0,9,Kim Cương,1,2,1
32,Nam,2,709000.0,8,Bạc,1,5,1
28,Nữ,2,722000.0,3,Bạc,1,4,1
39,Nữ,2,823000.0,3,Bạc,1,3,1
34,Nam,2,835000.0,1,Vàng,1,3,1
30,Nam,2,885000.0,8,Vàng,1,2,1
21,Nam,3,838000.0,1,Bạc,1,5,1
38,Nam,2,858000.0,8,Vàng,1,2,1
30,Nam,3,792000.0,1,Bạc,1,3,1
37,Nam,4,728000.0,8,Bạc,1,2,1
26,Nam,2,914000.0,1,Vàng,1,5,0
20,Nữ,2,989000.0,10,Vàng,1,2,0
23,Nam,3,729000.0,3,Đồng,1,4,1
29,Nữ,2,679000.0,8,Đồng,1,2,1
34,Nam,2,781000.0,3,Bạc,1,2,1
37,Nam,2,956000.0,3,Vàng,1,5,1
23,Nam,10,913000.0,3,Vàng,1,2,0
21,Nam,6,1016000.0,3,Vàng,1,3,1
20,Nữ,2,944000.0,3,Vàng,1,3,1
39,Nam,2,1055000.0,8,Vàng,1,4,1
23,Nữ,2,665000.0,5,Bạc,1,5,0
32,Nữ,2,1120000.0,1,Kim Cương,1,2,1
22,Nữ,2,854000.0,2,Vàng,1,5,0
20,Nam,2,691000.0,6,Đồng,1,3,0
37,Nữ,13,879000.0,3,Vàng,1,2,1
41,Nữ,2,815000.0,6,Bạc,1,5,1
29,Nam,4,844000.0,8,Bạc,1,4,1
27,Nữ,2,814000.0,2,Bạc,1,4,1
30,Nam,2,1015000.0,8,Vàng,1,2,1
31,Nam,6,934000.0,3,Vàng,1,3,1
26,Nam,2,734000.0,5,Bạc,1,3,1
46,Nam,2,740000.0,1,Đồng,1,2,1
30,Nam,6,350000.0,9,Đồng,1,2,1
24,Nữ,5,878000.0,2,Vàng,1,2,1
32,Nữ,2,906000.0,3,Vàng,1,3,1
25,Nam,2,686000.0,2,Đồng,1,2,0
41,Nữ,3,743000.0,3,Bạc,1,2,1
35,Nam,12,1240000.0,16,Kim Cương,1,2,1
47,Nam,3,743000.0,3,Đồng,1,3,1
41,Nữ,2,1250000.0,7,Kim Cương,1,2,1
23,Nam,2,688000.0,5,Đồng,1,2,0
34,Nữ,2,1259000.0,10,Kim Cương,1,2,1
22,Nữ,2,802000.0,8,Bạc,1,5,0
44,Nam,16,1235000.0,13,Kim Cương,1,3,1
23,Nữ,2,706000.0,3,Bạc,1,4,1
23,Nam,2,744000.0,3,Bạc,1,3,0
30,Nữ,2,696000.0,3,Đồng,1,3,1
27,Nam,3,828000.0,3,Bạc,1,2,1
31,Nam,2,753000.0,1,Bạc,1,5,1
33,Nam,5,776000.0,8,Bạc,1,2,1
38,Nam,2,1239000.0,8,Kim Cương,1,2,1
25,Nam,3,1033000.0,3,Kim Cương,1,3,1
28,Nữ,2,703000.0,3,Bạc,1,2,1
29,Nam,6,801000.0,10,Bạc,1,5,1
31,Nữ,2,750000.0,3,Bạc,1,5,1
35,Nam,2,876000.0,3,Vàng,1,3,1
23,Nam,2,902000.0,3,Vàng,1,3,0
31,Nữ,2,1140000.0,9,Vàng,1,3,1
26,Nam,2,775000.0,6,Đồng,1,2,1
34,Nữ,2,819000.0,3,Vàng,1,5,1
23,Nam,2,847000.0,3,Vàng,1,2,1
25,Nữ,2,752000.0,3,Bạc,1,3,1
32,Nữ,8,663000.0,9,Bạc,1,5,1
30,Nam,4,1247000.0,10,Kim Cương,1,3,1
41,Nam,2,667000.0,1,Bạc,1,2,1
23,Nam,2,691000.0,5,Bạc,1,4,0
26,Nam,2,804000.0,4,Bạc,1,4,1
33,Nam,8,853000.0,6,Bạc,1,2,1
27,Nam,2,680000.0,5,Đồng,1,5,1
38,Nữ,8,1165000.0,8,Kim Cương,1,4,1
23,Nam,2,692000.0,1,Bạc,1,3,0
26,Nam,2,913000.0,1,Vàng,1,4,1
24,Nam,8,909000.0,9,Bạc,1,2,1
24,Nam,2,723000.0,6,Bạc,1,5,1
33,Nam,2,1057000.0,11,Kim Cương,1,2,1
30,Nam,11,683000.0,12,Bạc,1,2,1
45,Nam,5,1234000.0,14,Kim Cương,1,5,1
31,Nam,2,974000.0,10,Vàng,1,4,0
24,Nam,2,826000.0,5,Đồng,1,2,1
29,Nam,2,833000.0,2,Vàng,1,2,1
23,Nam,2,773000.0,1,Bạc,1,3,1
27,Nữ,2,1120000.0,3,Kim Cương,1,2,1
23,Nữ,2,1069000.0,3,Vàng,1,4,1
31,Nữ,8,954000.0,8,Bạc,1,5,1
23,Nữ,2,920000.0,5,Vàng,1,4,1
41,Nam,2,1238000.0,7,Kim Cương,1,4,1
44,Nam,2,1188000.0,4,Kim Cương,1,3,1
35,Nam,12,947000.0,7,Bạc,1,3,1
26,Nam,2,831000.0,10,Bạc,1,2,1
47,Nam,2,873000.0,9,Bạc,1,2,1
21,Nam,4,762000.0,4,Bạc,1,5,1
26,Nữ,6,663000.0,8,Đồng,1,2,1
28,Nam,2,846000.0,1,Bạc,1,3,0
35,Nam,2,809000.0,3,Bạc,1,2,1
22,Nam,2,686000.0,3,Đồng,1,4,0
21,Nữ,2,836000.0,3,Bạc,1,2,1
38,Nữ,2,1222000.0,3,Kim Cương,1,5,1
29,Nam,8,739000.0,8,Bạc,1,4,1
25,Nữ,3,669000.0,3,Bạc,1,4,1
22,Nam,8,781000.0,5,Bạc,1,2,0
29,Nam,2,669000.0,3,Đồng,1,2,1
34,Nữ,2,1058000.0,9,Kim Cương,1,4,1
23,Nam,2,655000.0,1,Đồng,1,3,0
26,Nam,7,897000.0,10,Vàng,1,4,1
26,Nam,2,803000.0,1,Bạc,1,2,1
42,Nam,2,860000.0,3,Bạc,1,4,1
32,Nam,2,1212000.0,5,Kim Cương,1,4,1
21,Nữ,2,633000.0,1,Đồng,1,3,1
22,Nam,2,881000.0,8,Bạc,1,5,1
23,Nam,8,802000.0,8,Vàng,1,2,1
34,Nam,4,978000.0,3,Vàng,1,2,1
30,Nữ,2,822000.0,9,Bạc,1,4,1
26,Nam,5,800000.0,9,Bạc,1,3,1
31,Nữ,2,1056000.0,2,Vàng,1,4,1
48,Nam,2,791000.0,3,Bạc,1,3,1
23,Nam,2,749000.0,4,Bạc,1,2,1
26,Nam,2,800000.0,1,Vàng,1,5,1
36,Nam,10,852000.0,12,Bạc,1,5,1
26,Nam,3,771000.0,3,Bạc,1,2,1
25,Nữ,2,960000.0,9,Vàng,1,4,1
31,Nam,12,1171000.0,11,Kim Cương,1,5,1
34,Nữ,2,779000.0,8,Đồng,1,2,1
40,Nữ,2,1042000.0,8,Kim Cương,1,3,1
38,Nam,8,798000.0,8,Bạc,1,4,0
24,Nữ,2,674000.0,3,Đồng,1,4,1
26,Nữ,12,747000.0,10,Bạc,1,4,1
23,Nam,2,723000.0,5,Bạc,1,3,1
25,Nam,2,837000.0,8,Vàng,1,2,1
27,Nữ,2,817000.0,8,Bạc,1,2,1
19,Nam,3,721000.0,3,Bạc,1,2,0
26,Nữ,2,795000.0,10,Bạc,1,2,1
25,Nữ,9,1061000.0,3,Vàng,1,3,1
32,Nam,14,1242000.0,4,Kim Cương,1,2,1
22,Nữ,2,853000.0,1,Bạc,1,3,0
28,Nam,2,775000.0,2,Bạc,1,2,1
38,Nam,2,1211000.0,2,Kim Cương,1,3,1
37,Nữ,2,748000.0,1,Bạc,1,3,1
22,Nam,2,813000.0,5,Vàng,1,4,1
45,Nữ,2,751000.0,4,Bạc,1,3,1
34,Nữ,2,975000.0,3,Vàng,1,5,1
35,Nam,10,743000.0,9,Bạc,1,2,1
32,Nam,2,984000.0,3,Vàng,1,2,1
23,Nam,2,648000.0,8,Đồng,1,5,0
25,Nam,3,797000.0,3,Bạc,1,2,1
25,Nữ,2,806000.0,3,Bạc,1,3,1
24,Nữ,2,884000.0,8,Vàng,1,4,1
28,Nam,2,858000.0,5,Vàng,1,2,1
31,Nam,2,993000.0,10,Vàng,1,2,1
26,Nữ,5,854000.0,11,Vàng,1,2,1
20,Nữ,2,890000.0,8,Vàng,1,4,1
26,Nam,2,869000.0,14,Vàng,1,4,1
21,Nam,2,688000.0,3,Bạc,1,2,1
33,Nam,2,833000.0,3,Bạc,1,4,1
40,Nam,2,795000.0,1,Bạc,1,3,1
35,Nữ,2,1137000.0,1,Kim Cương,1,2,1
25,Nam,2,774000.0,3,Bạc,1,3,1
33,Nam,2,666000.0,1,Bạc,1,3,1
28,Nữ,2,686000.0,8,Đồng,1,4,1
40,Nữ,2,1130000.0,1,Vàng,1,3,1
31,Nam,7,801000.0,8,Bạc,1,5,1
23,Nữ,3,747000.0,3,Bạc,1,3,1
21,Nam,8,839000.0,8,Bạc,1,3,1
34,Nam,2,977000.0,1,Vàng,1,2,1
22,Nữ,2,650000.0,3,Đồng,1,4,0
30,Nữ,2,853000.0,1,Vàng,1,2,1
30,Nam,2,890000.0,3,Vàng,1,2,1
48,Nam,2,796000.0,3,Vàng,1,3,1
30,Nữ,2,681000.0,8,Đồng,1,3,1
21,Nam,3,859000.0,3,Bạc,1,2,1
23,Nữ,2,701000.0,1,Bạc,1,3,0
34,Nữ,2,825000.0,4,Bạc,1,5,1
38,Nữ,2,793000.0,1,Bạc,1,3,1
25,Nam,8,984000.0,3,Vàng,1,4,0
42,Nam,2,976000.0,3,Vàng,1,2,1
27,Nam,2,799000.0,1,Vàng,1,3,0
23,Nam,3,740000.0,3,Bạc,1,4,1
23,Nữ,2,727000.0,1,Bạc,1,4,0
24,Nam,2,725000.0,3,Đồng,1,2,1
27,Nam,2,909000.0,1,Vàng,1,4,1
26,Nam,2,702000.0,5,Bạc,1,4,1
22,Nam,2,823000.0,8,Bạc,1,2,1
38,Nam,2,919000.0,1,Bạc,1,3,1
40,Nữ,2,738000.0,8,Bạc,1,2,1
26,Nữ,3,691000.0,3,Đồng,1,3,1
22,Nam,2,780000.0,5,Bạc,1,2,0
45,Nữ,2,1143000.0,3,Kim Cương,1,2,1
22,Nữ,2,731000.0,4,Bạc,1,3,1
25,Nam,2,764000.0,1,Đồng,1,4,1
21,Nam,2,844000.0,5,Bạc,1,5,0
25,Nữ,2,682000.0,3,Đồng,1,4,1
28,Nam,10,853000.0,1,Vàng,1,3,1
23,Nam,2,833000.0,1,Đồng,1,2,0
32,Nữ,13,692000.0,18,Bạc,1,5,1
31,Nữ,2,778000.0,4,Bạc,1,4,1
35,Nữ,2,737000.0,3,Đồng,1,5,1
32,Nam,2,729000.0,2,Bạc,1,4,1
33,Nam,4,1039000.0,10,Kim Cương,1,4,1
35,Nữ,2,855000.0,1,Bạc,1,3,1
43,Nam,2,1246000.0,3,Kim Cương,1,5,1
27,Nữ,2,849000.0,3,Vàng,1,3,1
23,Nữ,4,733000.0,13,Bạc,1,5,1
37,Nam,2,787000.0,3,Đồng,1,2,1
38,Nữ,2,770000.0,3,Bạc,1,3,1
26,Nữ,2,724000.0,4,Bạc,1,2,1
29,Nữ,11,782000.0,8,Bạc,1,3,1
25,Nam,4,666000.0,3,Đồng,1,5,1
32,Nam,2,1239000.0,7,Kim Cương,1,3,1
46,Nữ,2,1003000.0,8,Vàng,1,5,1
25,Nữ,5,790000.0,5,Vàng,1,3,1
34,Nam,2,924000.0,8,Vàng,1,5,1
25,Nam,2,741000.0,9,Bạc,1,5,1
22,Nam,2,739000.0,3,Bạc,1,5,0
44,Nam,2,880000.0,5,Vàng,1,3,1
35,Nam,2,815000.0,3,Bạc,1,2,1
43,Nữ,2,1140000.0,5,Kim Cương,1,2,1
32,Nữ,2,726000.0,3,Bạc,1,3,1
25,Nữ,2,910000.0,3,Bạc,1,2,1
46,Nữ,12,1251000.0,11,Kim Cương,1,5,1
40,Nữ,2,779000.0,9,Bạc,1,3,1
34,Nữ,2,725000.0,5,Bạc,1,2,1
25,Nữ,2,757000.0,5,Bạc,1,4,0
22,Nữ,2,730000.0,1,Đồng,1,3,0
31,Nam,2,814000.0,1,Đồng,1,2,1
30,Nữ,2,1202000.0,13,Kim Cương,1,3,1
22,Nữ,2,837000.0,3,Bạc,1,2,1
23,Nam,2,707000.0,5,Đồng,1,2,1
24,Nam,2,1067000.0,8,Vàng,1,3,1
23,Nữ,2,736000.0,2,Đồng,1,4,0
26,Nam,2,677000.0,1,Đồng,1,2,0
26,Nữ,8,849000.0,9,Vàng,1,5,1
46,Nam,2,1047000.0,1,Kim Cương,1,2,1
41,Nam,16,1170000.0,8,Kim Cương,1,3,1
27,Nữ,7,707000.0,8,Đồng,1,2,1
46,Nữ,14,1029000.0,3,Vàng,1,5,1
38,Nữ,2,772000.0,5,Bạc,1,2,1
36,Nam,2,1197000.0,2,Kim Cương,1,3,1
29,Nam,5,775000.0,4,Bạc,1,3,1
45,Nữ,2,701000.0,1,Bạc,1,3,1
29,Nam,6,684000.0,8,Bạc,1,3,1
38,Nữ,2,990000.0,3,Vàng,1,2,1
23,Nam,2,1131000.0,9,Vàng,1,4,1
23,Nam,8,1031000.0,8,Kim Cương,1,3,0
19,Nam,2,719000.0,4,Bạc,1,2,0
23,Nam,2,720000.0,3,Bạc,1,4,1
28,Nam,2,839000.0,1,Vàng,1,3,1
22,Nam,2,909000.0,3,Vàng,1,3,0
24,Nữ,2,958000.0,3,Vàng,1,5,0
34,Nam,3,737000.0,1,Đồng,1,3,1
31,Nam,10,944000.0,3,Vàng,1,2,1
22,Nam,2,780000.0,3,Bạc,1,3,0
40,Nữ,7,755000.0,8,Bạc,1,2,1
46,Nữ,8,1164000.0,8,Kim Cương,1,4,1
31,Nam,2,824000.0,11,Vàng,1,2,1
26,Nam,7,731000.0,10,Bạc,1,3,1
36,Nữ,2,1064000.0,14,Vàng,1,3,1
33,Nữ,2,700000.0,8,Bạc,1,3,1
28,Nam,2,821000.0,6,Vàng,1,2,1
32,Nam,6,967000.0,9,Vàng,1,5,1
38,Nam,4,854000.0,8,Bạc,1,4,1
23,Nữ,2,668000.0,1,Bạc,1,3,0
25,Nam,2,731000.0,3,Bạc,1,2,1
27,Nữ,2,1218000.0,6,Kim Cương,1,3,1
21,Nam,2,1100000.0,2,Vàng,1,2,1
21,Nam,2,685000.0,1,Đồng,1,4,0
31,Nam,2,990000.0,2,Vàng,1,5,1
36,Nữ,2,888000.0,8,Vàng,1,3,1
21,Nam,2,733000.0,1,Bạc,1,3,1
31,Nữ,2,810000.0,4,Bạc,1,3,1
28,Nam,6,766000.0,8,Bạc,1,2,1
21,Nam,2,760000.0,1,Đồng,1,2,0
29,Nữ,2,910000.0,3,Vàng,1,2,1
34,Nữ,2,917000.0,3,Vàng,1,3,1
36,Nữ,12,1186000.0,9,Kim Cương,1,5,1
32,Nam,8,893000.0,3,Vàng,1,4,1
40,Nam,7,773000.0,10,Bạc,1,5,1
25,Nam,2,746000.0,3,Bạc,1,3,0
23,Nam,3,687000.0,2,Đồng,1,2,1
35,Nữ,2,1014000.0,3,Vàng,1,3,1
30,Nữ,5,801000.0,4,Vàng,1,4,1
38,Nam,2,1249000.0,10,Kim Cương,1,3,1
22,Nam,2,667000.0,5,Bạc,1,2,1
22,Nam,2,916000.0,5,Vàng,1,4,1
20,Nam,2,798000.0,1,Đồng,1,4,1
40,Nam,11,1207000.0,8,Kim Cương,1,4,1
24,Nam,2,647000.0,7,Đồng,1,3,1
19,Nữ,2,747000.0,3,Bạc,1,3,0
20,Nam,2,750000.0,1,Đồng,1,5,0
27,Nam,2,726000.0,4,Bạc,1,2,1
20,Nam,2,805000.0,3,Bạc,1,5,0
29,Nam,2,743000.0,3,Bạc,1,2,1
22,Nam,6,920000.0,8,Bạc,1,2,1
23,Nữ,2,665000.0,4,Đồng,1,3,1
29,Nam,2,887000.0,3,Vàng,1,3,1
20,Nữ,2,701000.0,1,Bạc,1,4,1
34,Nữ,3,741000.0,3,Bạc,1,2,1
37,Nam,2,1157000.0,1,Kim Cương,1,2,1
30,Nữ,2,754000.0,1,Bạc,1,5,1
38,Nam,5,792000.0,8,Bạc,1,3,1
38,Nữ,2,1073000.0,3,Kim Cương,1,5,1
36,Nữ,2,772000.0,3,Bạc,1,3,1
27,Nữ,2,768000.0,7,Đồng,1,3,1
23,Nam,2,677000.0,3,Bạc,1,5,0
23,Nam,2,690000.0,3,Bạc,1,3,1
36,Nam,2,1249000.0,2,Kim Cương,1,2,1
25,Nam,3,804000.0,3,Bạc,1,3,1
28,Nam,2,822000.0,3,Vàng,1,3,1
27,Nữ,2,797000.0,6,Vàng,1,2,1
27,Nữ,2,782000.0,1,Đồng,1,3,1
44,Nữ,9,983000.0,11,Vàng,1,5,1
27,Nam,9,681000.0,9,Bạc,1,2,1
27,Nữ,2,762000.0,1,Bạc,1,5,0
23,Nữ,2,695000.0,3,Bạc,1,2,1
29,Nam,8,942000.0,3,Vàng,1,3,1
23,Nữ,2,803000.0,3,Bạc,1,3,1
30,Nam,12,823000.0,9,Vàng,1,2,1
27,Nam,5,1007000.0,8,Vàng,1,2,1
44,Nam,2,983000.0,2,Vàng,1,4,1
32,Nam,2,863000.0,3,Vàng,1,4,1
20,Nam,2,675000.0,2,Đồng,1,2,1
22,Nam,2,612000.0,2,Đồng,1,3,0
21,Nam,10,687000.0,8,Bạc,1,5,0
30,Nam,2,726000.0,1,Đồng,1,3,1
23,Nam,2,745000.0,3,Bạc,1,5,1
23,Nam,2,900000.0,3,Bạc,1,4,1
33,Nữ,2,844000.0,6,Bạc,1,2,1
23,Nam,3,772000.0,9,Bạc,1,2,1
40,Nam,3,855000.0,3,Vàng,1,4,1
20,Nữ,2,864000.0,5,Bạc,1,2,1
33,Nam,2,820000.0,1,Bạc,1,2,1
44,Nam,4,683000.0,9,Bạc,1,3,1
26,Nữ,8,901000.0,3,Vàng,1,4,1
23,Nữ,3,771000.0,1,Bạc,1,3,0
33,Nữ,12,726000.0,11,Bạc,1,3,1
28,Nam,2,768000.0,9,Bạc,1,2,1
33,Nam,2,842000.0,4,Vàng,1,3,0
30,Nữ,2,854000.0,9,Vàng,1,2,1
22,Nữ,2,817000.0,8,Vàng,1,5,1
29,Nữ,2,997000.0,8,Vàng,1,2,1
40,Nam,2,754000.0,8,Bạc,1,5,1
32,Nam,2,1065000.0,3,Vàng,1,5,1
42,Nam,2,1174000.0,4,Kim Cương,1,3,1
34,Nam,13,1238000.0,7,Kim Cương,1,2,1
45,Nam,3,798000.0,3,Bạc,1,5,1
22,Nam,2,1011000.0,3,Vàng,1,5,1
34,Nam,3,1239000.0,11,Kim Cương,1,3,1
40,Nam,3,764000.0,3,Bạc,1,4,1
23,Nữ,4,681000.0,8,Đồng,1,4,0
28,Nữ,2,1000000.0,6,Vàng,1,5,1
32,Nữ,2,877000.0,1,Vàng,1,3,1
35,Nam,2,744000.0,5,Bạc,1,3,1
39,Nữ,12,1036000.0,14,Kim Cương,1,3,1
26,Nam,8,930000.0,8,Bạc,1,2,1
23,Nam,2,665000.0,1,Bạc,1,3,1
26,Nam,3,683000.0,3,Bạc,1,3,0
37,Nam,3,903000.0,3,Vàng,1,2,1
27,Nữ,5,777000.0,4,Bạc,1,3,1
21,Nam,2,705000.0,3,Đồng,1,5,1
32,Nữ,4,844000.0,7,Vàng,1,4,1
44,Nam,2,935000.0,2,Vàng,1,2,1
30,Nữ,3,790000.0,4,Đồng,1,2,1
23,Nữ,2,918000.0,8,Vàng,1,5,1
22,Nam,3,699000.0,3,Đồng,1,4,1
45,Nam,3,748000.0,3,Đồng,1,2,1
31,Nữ,2,743000.0,1,Bạc,1,5,1
27,Nam,5,810000.0,8,Bạc,1,2,1
30,Nam,2,708000.0,2,Bạc,1,3,1
26,Nữ,2,789000.0,1,Bạc,1,5,1
39,Nam,2,1164000.0,17,Kim Cương,1,5,1
22,Nam,8,696000.0,9,Bạc,1,2,0
20,Nữ,2,958000.0,5,Bạc,1,2,1
39,Nam,4,822000.0,2,Vàng,1,3,1
24,Nam,2,797000.0,3,Bạc,1,3,1
30,Nữ,2,800000.0,4,Vàng,1,3,0
29,Nam,2,946000.0,5,Vàng,1,2,1
36,Nam,2,1245000.0,5,Kim Cương,1,5,0
31,Nam,2,883000.0,10,Vàng,1,5,1
41,Nam,2,821000.0,3,Bạc,1,2,1
22,Nữ,3,765000.0,1,Bạc,1,2,1
26,Nữ,2,734000.0,2,Bạc,1,3,1
24,Nam,2,840000.0,3,Bạc,1,5,0
28,Nữ,2,760000.0,4,Bạc,1,2,1
45,Nữ,2,756000.0,5,Bạc,1,5,1
19,Nam,2,839000.0,2,Bạc,1,2,1
30,Nữ,5,699000.0,4,Bạc,1,5,1
31,Nữ,5,786000.0,13,Bạc,1,5,1
26,Nữ,2,720000.0,4,Bạc,1,5,1
25,Nữ,2,737000.0,3,Đồng,1,2,1
26,Nam,2,853000.0,3,Bạc,1,3,1
30,Nữ,4,911000.0,8,Bạc,1,4,1
27,Nữ,2,878000.0,3,Vàng,1,5,1
35,Nam,15,1215000.0,10,Kim Cương,1,2,1
26,Nam,2,781000.0,1,Đồng,1,5,0
25,Nam,2,666000.0,1,Bạc,1,4,1
43,Nữ,2,816000.0,5,Bạc,1,3,1
41,Nam,2,1189000.0,4,Kim Cương,1,3,1
21,Nữ,2,654000.0,1,Đồng,1,5,0
27,Nam,2,954000.0,8,Vàng,1,3,1
23,Nữ,2,810000.0,3,Bạc,1,5,0
38,Nữ,4,1161000.0,1,Kim Cương,1,2,1
32,Nữ,2,807000.0,6,Bạc,1,4,1
25,Nam,2,861000.0,8,Bạc,1,3,1
37,Nam,14,1241000.0,9,Kim Cương,1,4,0
27,Nữ,3,690000.0,3,Đồng,1,3,1
36,Nữ,2,804000.0,3,Bạc,1,2,1
22,Nam,3,810000.0,2,Bạc,1,3,0
31,Nam,2,679000.0,5,Đồng,1,4,1
26,Nữ,7,792000.0,9,Bạc,1,3,1
33,Nam,2,788000.0,1,Bạc,1,3,1
27,Nữ,2,995000.0,1,Vàng,1,2,1
35,Nữ,2,698000.0,1,Đồng,1,3,1
36,Nam,8,752000.0,9,Bạc,1,4,1
33,Nam,2,841000.0,3,Vàng,1,5,1
27,Nữ,2,737000.0,4,Đồng,1,2,1
33,Nữ,8,930000.0,8,Vàng,1,2,0
38,Nam,8,820000.0,4,Bạc,1,2,0
33,Nam,2,1174000.0,1,Kim Cương,1,5,1
22,Nam,2,1065000.0,9,Vàng,1,2,1
30,Nam,2,1057000.0,3,Vàng,1,3,1
19,Nữ,8,868000.0,6,Bạc,1,4,1
26,Nam,2,820000.0,3,Bạc,1,2,1
25,Nữ,2,701000.0,8,Đồng,1,3,0
23,Nam,2,635000.0,1,Đồng,1,2,1
42,Nữ,5,1147000.0,18,Kim Cương,1,3,1
34,Nam,3,785000.0,4,Bạc,1,4,1
20,Nam,2,720000.0,2,Bạc,1,5,1
23,Nam,2,874000.0,9,Bạc,1,5,1
29,Nữ,2,662000.0,2,Đồng,1,5,1
30,Nam,5,823000.0,12,Bạc,1,2,1
25,Nam,2,721000.0,4,Bạc,1,2,1
25,Nam,2,715000.0,4,Bạc,1,2,1
45,Nữ,2,1035000.0,5,Vàng,1,2,1
36,Nam,2,939000.0,3,Vàng,1,5,1
27,Nữ,2,761000.0,4,Bạc,1,3,1
44,Nữ,2,1187000.0,1,Kim Cương,1,2,1
29,Nam,2,903000.0,1,Vàng,1,3,1
24,Nam,2,768000.0,5,Bạc,1,2,1
22,Nam,3,898000.0,3,Bạc,1,2,1
37,Nam,2,865000.0,3,Bạc,1,2,1
35,Nam,3,705000.0,3,Đồng,1,2,1
33,Nam,2,805000.0,4,Đồng,1,5,1
21,Nam,2,819000.0,4,Bạc,1,5,1
29,Nữ,2,1057000.0,16,Vàng,1,3,1
21,Nữ,8,765000.0,9,Đồng,1,4,0
26,Nam,2,669000.0,3,Đồng,1,2,1
24,Nam,2,731000.0,4,Bạc,1,5,1
38,Nữ,2,770000.0,3,Bạc,1,5,1
23,Nam,4,771000.0,5,Bạc,1,2,1
28,Nam,6,834000.0,4,Vàng,1,4,1
31,Nam,2,793000.0,3,Bạc,1,4,1
35,Nữ,2,777000.0,4,Bạc,1,2,1
26,Nam,2,775000.0,3,Đồng,1,2,1
21,Nữ,2,790000.0,3,Bạc,1,3,0
43,Nam,2,1004000.0,3,Vàng,1,2,1
28,Nam,2,1004000.0,9,Vàng,1,4,1
29,Nữ,2,735000.0,1,Bạc,1,2,1
45,Nữ,4,1142000.0,9,Kim Cương,1,2,1
37,Nữ,3,788000.0,3,Bạc,1,2,1
42,Nữ,8,890000.0,8,Bạc,1,2,1
31,Nam,2,855000.0,10,Vàng,1,4,1
41,Nam,15,1199000.0,8,Kim Cương,1,5,1
31,Nữ,2,747000.0,5,Bạc,1,2,1
26,Nam,2,653000.0,4,Đồng,1,4,1
22,Nam,2,864000.0,2,Bạc,1,2,0
22,Nữ,2,706000.0,4,Đồng,1,2,1
37,Nam,8,692000.0,2,Đồng,1,5,1
25,Nam,2,782000.0,3,Bạc,1,2,1
39,Nam,2,701000.0,1,Đồng,1,2,0
36,Nữ,2,882000.0,1,Bạc,1,4,1
22,Nữ,2,675000.0,3,Đồng,1,3,0
22,Nữ,2,786000.0,1,Bạc,1,2,0
33,Nam,5,881000.0,12,Vàng,1,2,1
38,Nữ,2,790000.0,3,Bạc,1,2,1
22,Nữ,2,833000.0,3,Bạc,1,3,0
25,Nữ,2,699000.0,1,Bạc,1,2,0
22,Nữ,3,761000.0,3,Đồng,1,3,1
23,Nam,3,807000.0,3,Đồng,1,5,0
24,Nữ,2,774000.0,1,Đồng,1,3,1
28,Nam,2,689000.0,1,Đồng,1,4,1
35,Nữ,2,870000.0,4,Vàng,1,3,1
29,Nam,2,670000.0,3,Bạc,1,5,1
46,Nữ,2,948000.0,3,Vàng,1,4,1
23,Nam,6,715000.0,3,Đồng,1,3,1
28,Nữ,2,918000.0,8,Bạc,1,2,1
38,Nữ,2,817000.0,8,Vàng,1,4,1
38,Nam,2,742000.0,1,Đồng,1,3,1
24,Nữ,2,832000.0,1,Vàng,1,3,1
30,Nam,2,835000.0,2,Bạc,1,2,1
29,Nữ,6,1045000.0,12,Kim Cương,1,5,1
27,Nữ,2,790000.0,3,Đồng,1,4,1
21,Nam,2,762000.0,1,Đồng,1,4,0
33,Nam,2,906000.0,3,Vàng,1,4,1
25,Nam,2,732000.0,8,Bạc,1,5,1
35,Nam,3,761000.0,18,Bạc,1,5,1
27,Nam,4,811000.0,10,Đồng,1,3,1
23,Nam,2,678000.0,1,Đồng,1,4,0
24,Nam,2,795000.0,1,Bạc,1,5,0
27,Nữ,9,767000.0,6,Bạc,1,2,1
33,Nam,2,741000.0,1,Bạc,1,4,1
27,Nữ,7,810000.0,4,Vàng,1,5,1
23,Nam,4,910000.0,3,Vàng,1,2,0
26,Nữ,2,847000.0,5,Vàng,1,2,1
25,Nam,12,919000.0,3,Vàng,1,3,0
35,Nam,2,737000.0,9,Bạc,1,4,1
25,Nữ,2,709000.0,3,Đồng,1,2,1
27,Nữ,2,802000.0,1,Bạc,1,3,1
44,Nam,8,1172000.0,9,Kim Cương,1,2,1
39,Nam,2,854000.0,1,Đồng,1,3,0
44,Nam,16,1085000.0,3,Kim Cương,1,3,1
23,Nam,8,812000.0,8,Vàng,1,3,1
30,Nữ,2,791000.0,4,Bạc,1,2,1
29,Nam,2,860000.0,9,Vàng,1,2,1
37,Nam,2,937000.0,8,Vàng,1,3,1
25,Nữ,2,1077000.0,1,Vàng,1,4,0
38,Nam,3,862000.0,8,Bạc,1,3,1
32,Nam,2,773000.0,8,Bạc,1,2,1
20,Nam,2,819000.0,3,Đồng,1,5,0
30,Nam,7,1183000.0,1,Kim Cương,1,3,1
21,Nữ,2,792000.0,1,Đồng,1,5,0
28,Nữ,2,795000.0,3,Bạc,1,2,1
39,Nữ,2,698000.0,3,Đồng,1,2,1
42,Nam,2,1182000.0,4,Kim Cương,1,2,1
26,Nữ,2,786000.0,3,Bạc,1,4,1
34,Nam,2,1246000.0,12,Kim Cương,1,3,1
18,Nữ,3,715000.0,3,Bạc,1,4,1
38,Nam,2,756000.0,9,Bạc,1,5,1
40,Nữ,2,803000.0,8,Bạc,1,2,1
21,Nữ,2,648000.0,2,Đồng,1,3,0
39,Nam,2,1132000.0,6,Kim Cương,1,3,1
29,Nam,2,756000.0,3,Bạc,1,3,1
37,Nam,2,957000.0,8,Vàng,1,3,1
22,Nữ,4,780000.0,3,Bạc,1,3,1
20,Nam,2,895000.0,3,Bạc,1,4,0
25,Nữ,2,728000.0,4,Bạc,1,5,1
23,Nam,2,674000.0,1,Đồng,1,2,1
46,Nữ,2,924000.0,9,Vàng,1,3,1
30,Nữ,11,912000.0,3,Vàng,1,3,1
26,Nữ,2,960000.0,8,Vàng,1,5,1
23,Nữ,2,723000.0,1,Bạc,1,5,0
24,Nữ,2,748000.0,3,Đồng,1,4,0
22,Nam,2,770000.0,4,Bạc,1,2,1
25,Nam,2,718000.0,2,Đồng,1,5,1
42,Nam,3,746000.0,3,Bạc,1,3,1
39,Nam,2,977000.0,9,Vàng,1,3,1
33,Nữ,3,785000.0,2,Bạc,1,3,1
31,Nữ,2,1063000.0,9,Vàng,1,2,1
22,Nữ,3,820000.0,3,Bạc,1,2,1
27,Nam,2,840000.0,3,Bạc,1,2,1
36,Nam,2,1211000.0,1,Kim Cương,1,3,1
40,Nam,2,761000.0,1,Đồng,1,2,1
46,Nữ,5,1049000.0,4,Kim Cương,1,2,1
21,Nữ,2,793000.0,1,Bạc,1,4,0
43,Nam,7,829000.0,8,Vàng,1,4,1
31,Nữ,6,1384000.0,11,Kim Cương,1,3,1
32,Nam,2,815000.0,1,Vàng,1,2,1
21,Nam,3,844000.0,3,Bạc,1,5,0
34,Nữ,7,1275000.0,10,Kim Cương,1,2,0
34,Nữ,2,1111000.0,12,Vàng,1,2,1
43,Nữ,2,798000.0,14,Vàng,1,3,1
21,Nữ,16,743000.0,15,Bạc,1,5,0
35,Nữ,2,958000.0,9,Vàng,1,5,1
28,Nữ,3,775000.0,3,Đồng,1,2,1
37,Nữ,2,1190000.0,2,Kim Cương,1,2,1
27,Nữ,8,724000.0,8,Bạc,1,3,1
26,Nam,2,891000.0,3,Vàng,1,2,1
47,Nam,2,1006000.0,5,Vàng,1,2,1
38,Nam,2,725000.0,5,Đồng,1,4,1
45,Nữ,7,836000.0,13,Vàng,1,4,1
22,Nam,2,780000.0,1,Bạc,1,3,0
22,Nam,2,690000.0,3,Đồng,1,5,0
27,Nữ,2,771000.0,1,Đồng,1,3,1
20,Nam,2,779000.0,1,Đồng,1,4,1
31,Nam,3,745000.0,3,Bạc,1,3,1
40,Nam,8,1241000.0,8,Kim Cương,1,3,1
30,Nữ,2,771000.0,2,Bạc,1,4,1
33,Nam,8,894000.0,6,Vàng,1,5,1
25,Nữ,2,674000.0,4,Đồng,1,3,1
37,Nam,3,1253000.0,3,Kim Cương,1,2,1
43,Nữ,2,922000.0,1,Vàng,1,3,1
44,Nữ,2,794000.0,4,Bạc,1,3,1
32,Nữ,8,863000.0,3,Vàng,1,2,1
41,Nam,7,1161000.0,3,Kim Cương,1,5,1
37,Nam,2,1039000.0,1,Vàng,1,2,1
24,Nữ,2,699000.0,3,Đồng,1,2,0
23,Nữ,2,655000.0,1,Đồng,1,5,0
39,Nữ,2,908000.0,8,Bạc,1,5,1
33,Nam,3,674000.0,8,Đồng,1,3,0
24,Nam,2,874000.0,3,Vàng,1,5,0
22,Nam,2,782000.0,4,Bạc,1,5,1
22,Nam,2,959000.0,3,Vàng,1,5,1
33,Nữ,2,718000.0,9,Bạc,1,3,1
31,Nữ,2,967000.0,3,Vàng,1,3,1
35,Nam,12,1045000.0,3,Vàng,1,2,1
23,Nam,2,848000.0,3,Bạc,1,3,1
46,Nam,2,1036000.0,3,Vàng,1,4,1
23,Nữ,2,727000.0,8,Bạc,1,3,1
26,Nam,4,960000.0,3,Vàng,1,5,0
27,Nam,2,868000.0,3,Vàng,1,2,1
24,Nam,5,1052000.0,3,Vàng,1,5,0
21,Nữ,4,889000.0,9,Bạc,1,3,0
23,Nam,3,726000.0,3,Đồng,1,3,1
31,Nam,2,918000.0,5,Vàng,1,2,1
29,Nữ,2,839000.0,1,Vàng,1,2,1
21,Nam,6,758000.0,7,Bạc,1,2,0
23,Nam,2,791000.0,1,Đồng,1,3,0
20,Nam,3,789000.0,3,Đồng,1,4,0
36,Nam,14,1190000.0,8,Kim Cương,1,5,1
23,Nam,2,723000.0,1,Bạc,1,4,0
31,Nam,2,776000.0,1,Bạc,1,3,0
29,Nữ,2,808000.0,3,Bạc,1,4,1
27,Nam,2,765000.0,1,Bạc,1,2,1
42,Nam,3,1165000.0,2,Kim Cương,1,2,1
36,Nữ,5,789000.0,13,Bạc,1,3,1
40,Nam,5,1034000.0,3,Vàng,1,4,1
32,Nam,3,905000.0,3,Vàng,1,3,1
22,Nữ,2,825000.0,8,Đồng,1,2,1
22,Nữ,2,915000.0,8,Vàng,1,4,1
39,Nam,5,1184000.0,10,Kim Cương,1,3,1
32,Nam,2,890000.0,1,Vàng,1,4,1
37,Nữ,2,926000.0,2,Vàng,1,5,1
25,Nam,2,969000.0,6,Vàng,1,2,0
38,Nam,5,1253000.0,10,Kim Cương,1,3,1
23,Nữ,3,646000.0,3,Đồng,1,4,1
31,Nam,2,857000.0,4,Vàng,1,4,1
30,Nam,2,964000.0,10,Vàng,1,2,1
24,Nam,3,684000.0,3,Bạc,1,2,1
24,Nam,2,772000.0,5,Bạc,1,4,1
31,Nam,2,739000.0,3,Bạc,1,2,1
38,Nam,2,1090000.0,4,Vàng,1,4,1
26,Nam,2,709000.0,3,Bạc,1,3,1
25,Nữ,2,730000.0,2,Bạc,1,4,1
35,Nam,2,837000.0,1,Bạc,1,2,1
22,Nam,2,772000.0,3,Bạc,1,2,1
31,Nam,6,701000.0,1,Bạc,1,3,1
26,Nam,2,711000.0,3,Bạc,1,3,1
20,Nam,2,656000.0,1,Đồng,1,3,0
22,Nữ,2,933000.0,4,Vàng,1,5,0
32,Nam,2,733000.0,1,Bạc,1,2,1
24,Nam,3,679000.0,3,Bạc,1,3,0
28,Nữ,2,793000.0,4,Bạc,1,2,1
21,Nam,3,691000.0,3,Đồng,1,3,1
27,Nữ,2,898000.0,4,Bạc,1,3,1
30,Nam,2,808000.0,5,Bạc,1,3,1
26,Nữ,4,845000.0,11,Vàng,1,5,0
33,Nữ,2,1102000.0,14,Kim Cương,1,3,1
28,Nam,14,1035000.0,15,Kim Cương,1,5,0
33,Nam,2,775000.0,6,Bạc,1,5,1
27,Nam,2,667000.0,8,Đồng,1,3,1
24,Nam,2,860000.0,3,Bạc,1,4,1
21,Nữ,2,660000.0,1,Đồng,1,2,0
23,Nam,2,886000.0,8,Bạc,1,2,1
25,Nam,2,895000.0,5,Vàng,1,3,1
34,Nữ,2,752000.0,1,Bạc,1,2,1
31,Nam,7,1014000.0,3,Vàng,1,4,1
29,Nam,5,886000.0,10,Bạc,1,5,1
29,Nam,3,686000.0,3,Đồng,1,2,1
27,Nữ,2,781000.0,4,Bạc,1,3,0
27,Nữ,2,685000.0,1,Bạc,1,5,1
45,Nữ,5,1248000.0,3,Kim Cương,1,5,1
25,Nữ,2,710000.0,9,Bạc,1,2,1
25,Nam,2,872000.0,1,Đồng,1,5,1
36,Nữ,2,843000.0,3,Bạc,1,3,1
28,Nữ,4,817000.0,12,Vàng,1,2,1
21,Nam,2,692000.0,3,Bạc,1,3,1
26,Nam,2,674000.0,3,Bạc,1,3,0
43,Nữ,5,1220000.0,8,Kim Cương,1,3,1
24,Nữ,2,754000.0,4,Đồng,1,2,1
20,Nam,2,671000.0,1,Bạc,1,2,0
38,Nữ,16,1171000.0,10,Kim Cương,1,5,1
37,Nam,2,683000.0,1,Đồng,1,3,1
27,Nam,2,725000.0,5,Bạc,1,3,1
27,Nam,2,737000.0,1,Đồng,1,5,0
26,Nam,2,832000.0,4,Bạc,1,5,1
32,Nam,2,733000.0,1,Bạc,1,4,1
40,Nữ,3,1196000.0,3,Kim Cương,1,5,1
25,Nam,4,697000.0,4,Bạc,1,5,1
40,Nam,2,1236000.0,4,Kim Cương,1,4,1
29,Nam,2,927000.0,3,Vàng,1,5,1
23,Nữ,2,681000.0,1,Đồng,1,4,0
27,Nữ,2,740000.0,2,Bạc,1,3,1
31,Nam,2,713000.0,8,Bạc,1,3,1
25,Nam,9,722000.0,10,Bạc,1,3,1
35,Nam,2,935000.0,18,Bạc,1,2,1
23,Nam,3,756000.0,3,Bạc,1,2,1
38,Nam,2,816000.0,5,Vàng,1,2,1
34,Nam,2,856000.0,4,Vàng,1,5,1
47,Nam,2,852000.0,10,Bạc,1,2,1
25,Nữ,3,803000.0,3,Bạc,1,4,1
26,Nữ,2,785000.0,8,Bạc,1,3,1
30,Nữ,8,1058000.0,3,Vàng,1,5,1
27,Nam,5,699000.0,11,Bạc,1,2,1
34,Nữ,2,814000.0,4,Vàng,1,4,1
24,Nam,2,783000.0,2,Bạc,1,2,1
23,Nam,6,845000.0,8,Bạc,1,4,1
35,Nữ,2,1092000.0,1,Vàng,1,5,1
27,Nữ,5,912000.0,3,Vàng,1,2,1
22,Nam,7,697000.0,9,Đồng,1,5,1
42,Nữ,2,1006000.0,3,Vàng,1,3,1
36,Nữ,8,674000.0,8,Đồng,1,2,1
23,Nữ,2,849000.0,1,Đồng,1,4,0
24,Nữ,2,760000.0,3,Bạc,1,2,1
44,Nam,2,1194000.0,10,Kim Cương,1,2,1
25,Nam,2,814000.0,2,Vàng,1,5,1
28,Nữ,2,918000.0,9,Vàng,1,5,1
47,Nữ,2,835000.0,6,Bạc,1,2,1
36,Nam,2,1257000.0,8,Kim Cương,1,2,1
39,Nam,2,1224000.0,1,Kim Cương,1,3,1
30,Nam,2,713000.0,8,Bạc,1,4,1
37,Nam,2,662000.0,1,Đồng,1,4,1
24,Nam,2,661000.0,4,Đồng,1,3,1
23,Nam,2,792000.0,1,Vàng,1,2,1
37,Nam,2,1209000.0,1,Kim Cương,1,2,1
23,Nữ,2,1141000.0,8,Kim Cương,1,2,1
29,Nữ,2,753000.0,1,Đồng,1,3,1
36,Nam,4,1208000.0,11,Kim Cương,1,4,1
30,Nam,2,893000.0,9,Vàng,1,3,1
21,Nữ,2,691000.0,2,Bạc,1,2,1
24,Nam,2,784000.0,2,Đồng,1,3,1
23,Nam,2,661000.0,1,Đồng,1,2,0
24,Nam,3,807000.0,3,Bạc,1,2,1
28,Nữ,2,1227000.0,12,Kim Cương,1,4,0
47,Nam,16,1074000.0,1,Kim Cương,1,4,1
25,Nữ,3,799000.0,3,Bạc,1,3,0
39,Nữ,2,1226000.0,9,Kim Cương,1,4,1
28,Nữ,2,740000.0,3,Bạc,1,5,1
40,Nam,12,1410000.0,11,Kim Cương,1,4,1
45,Nam,6,931000.0,3,Vàng,1,2,1
28,Nữ,6,752000.0,11,Bạc,1,4,1
25,Nam,2,649000.0,3,Đồng,1,3,1
37,Nam,15,1239000.0,14,Kim Cương,1,5,1
27,Nam,2,724000.0,9,Bạc,1,4,1
29,Nam,3,737000.0,3,Bạc,1,3,1
31,Nữ,2,731000.0,1,Đồng,1,4,1
37,Nữ,16,952000.0,3,Vàng,1,2,1
28,Nữ,6,753000.0,13,Bạc,1,4,1
26,Nữ,2,835000.0,6,Vàng,1,2,0
23,Nam,3,719000.0,3,Bạc,1,2,1
40,Nữ,8,716000.0,8,Bạc,1,3,1
25,Nữ,2,835000.0,8,Bạc,1,3,1
23,Nữ,8,717000.0,8,Bạc,1,3,0
20,Nam,2,647000.0,3,Đồng,1,5,1
22,Nữ,3,752000.0,2,Đồng,1,4,1
27,Nam,2,839000.0,9,Bạc,1,2,1
35,Nữ,2,1203000.0,1,Kim Cương,1,4,1
31,Nữ,16,1173000.0,3,Kim Cương,1,4,1
49,Nam,3,671000.0,3,Đồng,1,3,1
23,Nam,2,841000.0,2,Bạc,1,3,0
26,Nam,2,735000.0,4,Bạc,1,5,0
24,Nữ,7,743000.0,8,Bạc,1,2,1
29,Nữ,2,822000.0,8,Vàng,1,3,1
39,Nữ,6,705000.0,8,Bạc,1,5,1
20,Nữ,8,794000.0,6,Vàng,1,2,1
39,Nữ,2,1165000.0,3,Kim Cương,1,5,1
27,Nam,2,886000.0,3,Vàng,1,4,0
36,Nam,8,970000.0,3,Vàng,1,4,0
22,Nữ,2,1141000.0,9,Vàng,1,5,1
34,Nam,2,725000.0,8,Bạc,1,3,1
23,Nữ,10,1015000.0,3,Vàng,1,3,1
32,Nam,12,807000.0,10,Bạc,1,4,1
21,Nữ,3,654000.0,3,Đồng,1,4,0
27,Nam,2,671000.0,3,Đồng,1,5,0
32,Nam,3,1197000.0,11,Kim Cương,1,3,1
46,Nữ,10,1239000.0,12,Kim Cương,1,3,1
49,Nam,8,1256000.0,8,Kim Cương,1,4,1
32,Nam,2,768000.0,1,Bạc,1,3,1
30,Nam,2,852000.0,3,Vàng,1,2,1
29,Nam,9,759000.0,9,Bạc,1,2,1
32,Nữ,2,801000.0,8,Bạc,1,5,1
29,Nam,2,716000.0,2,Bạc,1,3,1
41,Nam,2,1029000.0,11,Kim Cương,1,4,1
30,Nữ,2,861000.0,8,Vàng,1,5,1
27,Nữ,10,791000.0,7,Bạc,1,5,1
22,Nam,2,697000.0,3,Bạc,1,2,1
38,Nữ,6,945000.0,3,Vàng,1,5,0
35,Nam,2,821000.0,4,Đồng,1,4,1
29,Nữ,7,803000.0,14,Bạc,1,5,1
42,Nam,2,833000.0,9,Vàng,1,2,1
22,Nữ,2,706000.0,1,Đồng,1,2,1
43,Nữ,2,1076000.0,4,Vàng,1,4,1
22,Nữ,2,692000.0,1,Đồng,1,2,1
27,Nữ,2,767000.0,1,Bạc,1,2,1
21,Nam,2,877000.0,1,Bạc,1,2,1
37,Nam,4,1108000.0,9,Kim Cương,1,3,0
43,Nam,2,1024000.0,10,Vàng,1,4,1
28,Nữ,2,780000.0,1,Đồng,1,3,1
31,Nữ,12,919000.0,9,Vàng,1,3,1
30,Nam,8,784000.0,8,Bạc,1,3,1
22,Nữ,2,714000.0,1,Bạc,1,2,0
24,Nữ,4,833000.0,3,Bạc,1,3,0
32,Nam,2,664000.0,4,Bạc,1,3,1
31,Nữ,5,794000.0,12,Vàng,1,2,1
24,Nam,2,731000.0,5,Bạc,1,5,1
24,Nam,7,838000.0,8,Bạc,1,3,0
33,Nam,2,791000.0,5,Bạc,1,2,1
41,Nam,4,919000.0,3,Vàng,1,4,1
33,Nữ,4,800000.0,4,Bạc,1,2,1
33,Nam,2,736000.0,4,Bạc,1,3,1
29,Nam,2,930000.0,3,Vàng,1,2,1
29,Nam,2,740000.0,3,Bạc,1,4,1
32,Nam,2,1079000.0,6,Vàng,1,3,1
22,Nam,2,779000.0,3,Vàng,1,3,1
42,Nữ,2,1004000.0,3,Vàng,1,3,1
34,Nữ,2,756000.0,9,Bạc,1,3,1
18,Nữ,5,765000.0,5,Bạc,1,2,1
23,Nữ,8,687000.0,8,Đồng,1,3,0
22,Nam,2,720000.0,2,Bạc,1,2,1
33,Nữ,2,1163000.0,10,Kim Cương,1,5,1
44,Nữ,2,704000.0,5,Bạc,1,5,1
30,Nữ,2,801000.0,3,Bạc,1,3,1
30,Nam,3,880000.0,3,Vàng,1,2,1
23,Nam,2,683000.0,3,Bạc,1,2,1
23,Nam,2,709000.0,8,Bạc,1,5,1
24,Nam,2,866000.0,10,Vàng,1,5,1
21,Nam,2,852000.0,4,Bạc,1,5,0
19,Nữ,8,837000.0,8,Vàng,1,2,0
46,Nữ,13,1179000.0,8,Kim Cương,1,2,1
46,Nữ,2,1255000.0,6,Kim Cương,1,5,1
43,Nam,2,1081000.0,1,Kim Cương,1,2,1
32,Nữ,2,952000.0,3,Vàng,1,4,1
21,Nữ,2,638000.0,1,Đồng,1,3,0
27,Nữ,2,778000.0,3,Bạc,1,5,1
28,Nữ,2,1106000.0,1,Kim Cương,1,4,1
27,Nam,2,721000.0,4,Bạc,1,5,1
25,Nữ,2,635000.0,1,Đồng,1,4,0
22,Nam,2,692000.0,5,Đồng,1,5,1
31,Nam,2,841000.0,9,Bạc,1,2,1
25,Nữ,2,791000.0,3,Bạc,1,5,1
41,Nam,2,704000.0,3,Bạc,1,2,1
22,Nam,3,736000.0,3,Bạc,1,5,0
32,Nam,2,737000.0,4,Bạc,1,3,1
45,Nữ,2,811000.0,1,Đồng,1,5,1
38,Nữ,6,1174000.0,7,Kim Cương,1,3,1
22,Nữ,2,728000.0,4,Bạc,1,3,1
31,Nam,2,890000.0,3,Vàng,1,2,1
27,Nữ,2,775000.0,3,Bạc,1,4,1
34,Nam,2,663000.0,4,Đồng,1,3,1
32,Nam,2,707000.0,8,Bạc,1,3,1
25,Nam,2,1030000.0,10,Vàng,1,2,1
33,Nam,5,903000.0,3,Vàng,1,1,0
25,Nữ,2,877000.0,1,Bạc,1,5,0
21,Nữ,5,818000.0,8,Vàng,1,4,0
39,Nam,2,1032000.0,8,Vàng,1,5,1
27,Nữ,2,752000.0,3,Đồng,1,4,1
24,Nam,3,729000.0,3,Bạc,1,1,0
39,Nam,2,985000.0,3,Vàng,1,1,1
39,Nam,3,756000.0,3,Bạc,1,5,1
22,Nữ,3,728000.0,3,Bạc,1,3,0
33,Nam,5,1020000.0,9,Kim Cương,1,4,1
22,Nam,2,956000.0,3,Vàng,1,5,1
37,Nam,2,726000.0,4,Bạc,1,3,1
44,Nam,9,1126000.0,9,Kim Cương,1,4,1
39,Nam,2,838000.0,3,Vàng,1,3,1
31,Nam,2,700000.0,3,Đồng,1,3,1
35,Nam,2,719000.0,4,Bạc,1,4,1
28,Nam,2,765000.0,4,Bạc,1,5,1
28,Nam,4,837000.0,13,Bạc,1,5,1
23,Nam,3,810000.0,3,Bạc,1,3,1
37,Nữ,6,728000.0,9,Bạc,1,1,1
36,Nữ,2,748000.0,1,Bạc,1,3,1
24,Nam,2,651000.0,1,Đồng,1,3,1
62,Nam,3,932000.0,9,Bạc,1,3,1
42,Nam,2,960000.0,3,Vàng,1,4,1
29,Nam,7,1169000.0,10,Kim Cương,1,5,1
22,Nam,2,733000.0,3,Bạc,1,3,0
21,Nữ,2,764000.0,1,Bạc,1,4,0
23,Nữ,11,907000.0,11,Bạc,1,4,0
29,Nam,2,687000.0,1,Đồng,1,3,1
21,Nam,2,682000.0,1,Bạc,1,5,0
24,Nữ,2,675000.0,1,Đồng,1,4,1
36,Nam,3,1012000.0,3,Vàng,1,3,1
24,Nam,2,901000.0,3,Vàng,1,3,1
25,Nam,2,796000.0,4,Đồng,1,3,1
47,Nam,2,784000.0,3,Bạc,1,3,1
27,Nữ,2,703000.0,3,Bạc,1,4,1
35,Nữ,2,817000.0,3,Bạc,1,3,1
22,Nam,2,662000.0,1,Đồng,1,5,0
23,Nam,2,675000.0,1,Đồng,1,3,1
24,Nam,2,782000.0,4,Bạc,1,5,1
42,Nữ,2,943000.0,3,Bạc,1,5,1
25,Nữ,2,712000.0,3,Bạc,1,4,1
23,Nam,2,835000.0,8,Vàng,1,4,1
27,Nam,2,874000.0,1,Vàng,1,3,1
26,Nam,2,1150000.0,1,Vàng,1,1,1
46,Nữ,2,1228000.0,13,Kim Cương,1,1,1
23,Nam,2,686000.0,8,Đồng,1,5,0
37,Nam,15,1132000.0,18,Kim Cương,1,5,1
31,Nữ,3,953000.0,3,Vàng,1,4,1
36,Nữ,6,1126000.0,2,Kim Cương,1,4,1
28,Nữ,4,975000.0,3,Vàng,1,4,1
22,Nam,2,698000.0,3,Đồng,1,3,1
23,Nam,2,690000.0,1,Đồng,1,5,0
28,Nam,9,852000.0,7,Vàng,1,3,1
24,Nữ,8,726000.0,8,Bạc,1,3,0
40,Nam,14,1071000.0,10,Kim Cương,1,1,1
28,Nam,6,864000.0,8,Đồng,1,3,1
34,Nam,2,780000.0,1,Bạc,1,4,1
30,Nam,4,807000.0,8,Bạc,1,1,1
23,Nữ,2,921000.0,3,Vàng,1,5,1
29,Nam,2,748000.0,3,Bạc,1,4,1
35,Nam,2,783000.0,4,Đồng,1,1,1
34,Nam,14,949000.0,3,Vàng,1,1,1
31,Nam,8,770000.0,2,Bạc,1,5,1
26,Nam,6,762000.0,8,Bạc,1,3,1
33,Nam,8,1256000.0,8,Kim Cương,1,1,1
23,Nam,2,698000.0,1,Đồng,1,5,1
33,Nam,3,815000.0,3,Bạc,1,1,1
35,Nam,8,833000.0,8,Vàng,1,4,1
28,Nữ,5,838000.0,3,Đồng,1,3,1
24,Nữ,3,783000.0,6,Bạc,1,4,1
30,Nam,2,815000.0,3,Bạc,1,1,1
40,Nữ,8,831000.0,8,Vàng,1,3,1
24,Nam,2,763000.0,1,Đồng,1,3,1
27,Nam,3,815000.0,3,Vàng,1,5,1
23,Nam,7,891000.0,3,Vàng,1,5,0
32,Nam,2,774000.0,3,Bạc,1,3,1
30,Nam,2,778000.0,3,Đồng,1,5,1
24,Nam,2,891000.0,3,Vàng,1,4,1
23,Nữ,2,661000.0,1,Đồng,1,5,0
35,Nữ,2,980000.0,3,Vàng,1,1,0
23,Nam,2,735000.0,5,Bạc,1,4,0
26,Nam,2,756000.0,3,Bạc,1,5,1
40,Nữ,8,671000.0,7,Đồng,1,5,1
27,Nam,2,705000.0,1,Bạc,1,1,1
44,Nam,3,1252000.0,14,Kim Cương,1,1,1
26,Nam,3,845000.0,2,Bạc,1,1,1
22,Nữ,2,796000.0,1,Đồng,1,1,1
32,Nam,8,898000.0,3,Vàng,1,4,1
30,Nữ,2,729000.0,3,Bạc,1,4,1
30,Nữ,2,828000.0,1,Vàng,1,3,1
22,Nam,2,836000.0,6,Bạc,1,5,1
29,Nữ,2,852000.0,5,Bạc,1,3,1
33,Nam,8,844000.0,7,Vàng,1,3,1
25,Nam,2,983000.0,3,Vàng,1,1,1
42,Nam,2,1244000.0,1,Kim Cương,1,3,1
21,Nam,3,721000.0,3,Đồng,1,3,1
29,Nam,2,788000.0,3,Bạc,1,5,1
34,Nam,2,1253000.0,2,Kim Cương,1,1,1
26,Nam,7,779000.0,9,Bạc,1,3,1
28,Nam,8,787000.0,8,Bạc,1,3,1
35,Nữ,2,788000.0,3,Bạc,1,5,1
37,Nam,2,751000.0,3,Bạc,1,4,1
28,Nam,2,771000.0,2,Bạc,1,1,1
36,Nam,2,1187000.0,13,Kim Cương,1,5,1
24,Nam,2,747000.0,1,Đồng,1,4,0
25,Nữ,2,715000.0,4,Bạc,1,3,1
40,Nam,2,1000000.0,14,Vàng,1,3,1
27,Nữ,2,776000.0,3,Bạc,1,1,1
32,Nữ,2,1235000.0,11,Kim Cương,1,1,1
26,Nam,2,664000.0,2,Đồng,1,4,1
35,Nữ,2,810000.0,5,Bạc,1,5,1
38,Nam,5,780000.0,6,Bạc,1,5,1
26,Nam,2,781000.0,4,Bạc,1,5,1
31,Nữ,2,744000.0,2,Bạc,1,3,1
29,Nam,8,761000.0,3,Bạc,1,1,1
38,Nữ,2,728000.0,5,Bạc,1,5,1
32,Nam,8,782000.0,8,Bạc,1,5,1
21,Nam,2,710000.0,8,Bạc,1,5,1
27,Nam,2,747000.0,11,Bạc,1,5,1
24,Nữ,2,410000.0,1,Đồng,1,5,1
24,Nam,3,785000.0,3,Bạc,1,1,1
21,Nữ,2,645000.0,1,Đồng,1,1,0
38,Nữ,2,1254000.0,1,Kim Cương,1,3,1
35,Nam,2,738000.0,8,Bạc,1,3,1
33,Nữ,15,944000.0,3,Vàng,1,3,1
27,Nữ,3,728000.0,10,Bạc,1,3,1
29,Nam,2,855000.0,3,Bạc,1,3,1
33,Nữ,4,771000.0,9,Bạc,1,3,1
36,Nữ,4,885000.0,10,Bạc,1,1,1
31,Nữ,2,948000.0,3,Vàng,1,3,1
23,Nam,7,1000000.0,3,Vàng,1,5,0
30,Nữ,8,706000.0,8,Bạc,1,4,1
32,Nữ,4,894000.0,4,Vàng,1,1,1
36,Nam,2,764000.0,3,Bạc,1,1,1
40,Nam,3,1276000.0,3,Kim Cương,1,1,1
23,Nam,3,799000.0,3,Bạc,1,1,0
21,Nữ,2,730000.0,4,Bạc,1,1,1
24,Nữ,2,783000.0,3,Bạc,1,3,1
21,Nam,2,693000.0,3,Đồng,1,1,1
26,Nam,2,694000.0,4,Đồng,1,5,0
23,Nam,2,768000.0,5,Bạc,1,3,1
30,Nữ,2,851000.0,3,Vàng,1,5,1
22,Nam,2,837000.0,8,Bạc,1,3,1
33,Nam,2,899000.0,1,Bạc,1,4,1
39,Nữ,2,1180000.0,3,Kim Cương,1,4,1
42,Nữ,2,1065000.0,12,Vàng,1,5,1
23,Nữ,3,789000.0,3,Bạc,1,3,1
28,Nữ,8,769000.0,10,Bạc,1,4,1
29,Nam,2,644000.0,4,Đồng,1,4,1
41,Nữ,3,1147000.0,13,Kim Cương,1,3,1
29,Nữ,2,780000.0,3,Bạc,1,3,1
30,Nam,2,934000.0,5,Vàng,1,5,1
45,Nữ,5,1183000.0,8,Kim Cương,1,3,1
35,Nam,7,1188000.0,12,Kim Cương,1,3,1
19,Nam,7,922000.0,8,Bạc,1,1,0
32,Nam,3,792000.0,10,Bạc,1,1,1
26,Nam,2,744000.0,10,Bạc,1,4,1
26,Nam,2,801000.0,5,Bạc,1,1,1
28,Nam,2,785000.0,7,Bạc,1,4,1
27,Nữ,2,755000.0,3,Bạc,1,1,1
38,Nữ,3,738000.0,3,Đồng,1,5,1
29,Nữ,4,823000.0,4,Đồng,1,4,1
36,Nữ,2,1136000.0,3,Kim Cương,1,4,1
42,Nam,2,1117000.0,1,Kim Cương,1,3,1
33,Nam,2,882000.0,3,Vàng,1,3,1
24,Nam,2,667000.0,3,Bạc,1,5,1
27,Nữ,2,962000.0,3,Bạc,1,1,1
29,Nam,2,796000.0,3,Bạc,1,3,1
37,Nữ,3,787000.0,3,Bạc,1,1,1
23,Nam,2,708000.0,3,Bạc,1,3,0
31,Nữ,2,806000.0,1,Bạc,1,3,1
43,Nam,2,864000.0,3,Vàng,1,1,1
31,Nữ,8,665000.0,8,Bạc,1,3,0
21,Nam,2,640000.0,1,Đồng,1,4,0
20,Nam,6,797000.0,8,Đồng,1,1,1
46,Nam,2,708000.0,3,Bạc,1,4,1
29,Nam,5,753000.0,14,Bạc,1,1,1
44,Nam,2,1063000.0,1,Vàng,1,1,1
28,Nam,3,750000.0,14,Đồng,1,4,1
32,Nam,2,930000.0,3,Vàng,1,1,1
29,Nữ,9,689000.0,8,Bạc,1,1,1
23,Nam,2,803000.0,3,Đồng,1,1,0
36,Nữ,7,952000.0,8,Vàng,1,1,1
29,Nam,2,783000.0,5,Bạc,1,1,1
34,Nam,9,921000.0,9,Vàng,1,1,1
24,Nam,2,796000.0,5,Bạc,1,3,1
35,Nam,9,891000.0,3,Vàng,1,3,1
24,Nữ,2,765000.0,3,Bạc,1,3,1
30,Nữ,7,784000.0,8,Bạc,1,1,1
36,Nam,2,1104000.0,5,Vàng,1,3,1
23,Nam,2,630000.0,1,Đồng,1,3,0
31,Nam,2,994000.0,11,Vàng,1,3,0
24,Nam,2,714000.0,3,Đồng,1,3,1
37,Nữ,9,1160000.0,7,Kim Cương,1,4,1
29,Nam,2,720000.0,4,Bạc,1,3,1
25,Nam,2,736000.0,4,Bạc,1,3,1
33,Nam,2,906000.0,3,Vàng,1,4,1
33,Nữ,2,864000.0,1,Vàng,1,5,1
23,Nam,2,735000.0,3,Bạc,1,5,1
39,Nam,2,803000.0,10,Bạc,1,4,1
30,Nam,2,875000.0,8,Vàng,1,3,1
28,Nam,2,687000.0,9,Bạc,1,1,1
39,Nam,2,739000.0,1,Bạc,1,4,1
40,Nam,2,927000.0,3,Vàng,1,1,1
22,Nam,3,806000.0,3,Bạc,1,5,0
24,Nam,2,856000.0,1,Vàng,1,4,0
21,Nữ,2,715000.0,3,Bạc,1,4,1
25,Nữ,2,883000.0,5,Bạc,1,1,1
33,Nam,6,847000.0,9,Vàng,1,1,1
26,Nam,2,918000.0,3,Vàng,1,3,1
33,Nam,13,1260000.0,9,Kim Cương,1,4,1
37,Nữ,2,1042000.0,3,Vàng,1,3,1
29,Nữ,2,814000.0,8,Bạc,1,5,1
23,Nam,3,694000.0,2,Đồng,1,1,1
21,Nữ,2,650000.0,3,Đồng,1,1,0
26,Nam,2,967000.0,3,Vàng,1,3,1
23,Nữ,2,690000.0,5,Bạc,1,1,1
22,Nữ,3,698000.0,3,Bạc,1,4,0
26,Nam,2,796000.0,3,Vàng,1,3,1
27,Nam,2,808000.0,8,Vàng,1,5,1
28,Nam,2,719000.0,3,Bạc,1,1,1
27,Nữ,2,805000.0,8,Bạc,1,4,1
39,Nữ,2,739000.0,5,Bạc,1,1,1
23,Nữ,2,989000.0,3,Vàng,1,5,0
30,Nữ,2,704000.0,6,Đồng,1,4,1
23,Nam,2,871000.0,1,Vàng,1,3,0
24,Nữ,2,677000.0,1,Đồng,1,5,1
24,Nam,2,824000.0,8,Bạc,1,3,1
24,Nam,2,712000.0,8,Bạc,1,4,1
33,Nam,2,841000.0,1,Bạc,1,1,1
29,Nam,2,733000.0,1,Đồng,1,3,0
36,Nam,2,834000.0,5,Bạc,1,4,1
47,Nam,2,1234000.0,1,Kim Cương,1,5,1
26,Nam,2,738000.0,8,Bạc,1,4,1
36,Nam,2,788000.0,5,Đồng,1,5,1
28,Nam,2,753000.0,8,Bạc,1,3,1
43,Nữ,2,1130000.0,3,Vàng,1,3,1
37,Nam,2,723000.0,9,Bạc,1,1,1
26,Nữ,3,788000.0,3,Bạc,1,1,1
23,Nam,2,696000.0,1,Bạc,1,4,0
30,Nữ,2,698000.0,5,Bạc,1,3,1
21,Nữ,2,747000.0,1,Đồng,1,5,0
23,Nữ,6,800000.0,8,Bạc,1,1,1
45,Nữ,2,1000000.0,3,Vàng,1,3,1
30,Nam,2,759000.0,4,Bạc,1,4,1
37,Nam,3,1243000.0,3,Kim Cương,1,1,1
31,Nam,6,876000.0,8,Vàng,1,5,1
25,Nam,3,670000.0,4,Đồng,1,4,0
34,Nam,5,740000.0,8,Bạc,1,4,1
23,Nam,8,871000.0,8,Bạc,1,1,0
28,Nam,8,801000.0,7,Bạc,1,5,1
25,Nam,2,645000.0,4,Đồng,1,1,1
31,Nam,2,1161000.0,3,Vàng,1,3,1
37,Nam,3,896000.0,3,Vàng,1,4,1
32,Nữ,2,778000.0,3,Bạc,1,5,1
32,Nam,2,862000.0,1,Bạc,1,5,1
28,Nam,2,809000.0,8,Bạc,1,1,1
32,Nam,4,693000.0,9,Đồng,1,4,1
21,Nam,2,841000.0,8,Bạc,1,5,0
25,Nam,2,775000.0,9,Bạc,1,5,0
32,Nam,3,817000.0,3,Bạc,1,1,1
33,Nam,2,688000.0,3,Đồng,1,3,1
35,Nam,2,815000.0,3,Vàng,1,4,1
34,Nữ,14,944000.0,3,Vàng,1,3,1
24,Nữ,2,934000.0,3,Vàng,1,3,1
22,Nữ,2,649000.0,5,Đồng,1,4,0
29,Nữ,4,1031000.0,3,Vàng,1,4,0
33,Nữ,2,878000.0,4,Vàng,1,1,1
27,Nam,5,948000.0,9,Vàng,1,3,1
46,Nam,15,425000.0,15,Đồng,1,4,1
31,Nam,2,742000.0,4,Bạc,1,3,1
38,Nữ,15,926000.0,3,Vàng,1,4,1
31,Nữ,8,737000.0,8,Bạc,1,5,1
45,Nữ,2,859000.0,8,Vàng,1,1,1
27,Nữ,3,933000.0,3,Vàng,1,5,1
24,Nữ,2,905000.0,3,Bạc,1,5,1
29,Nữ,2,888000.0,4,Bạc,1,1,1
23,Nam,2,760000.0,3,Bạc,1,1,1
47,Nam,3,1130000.0,3,Kim Cương,1,3,1
21,Nữ,2,703000.0,1,Đồng,1,3,1
21,Nam,2,765000.0,1,Bạc,1,5,0
21,Nam,3,715000.0,1,Đồng,1,5,0
37,Nữ,6,910000.0,8,Bạc,1,3,1
31,Nữ,2,968000.0,1,Vàng,1,4,1
37,Nam,8,897000.0,8,Bạc,1,1,1
21,Nữ,2,701000.0,3,Đồng,1,1,1
24,Nam,4,732000.0,11,Bạc,1,1,1
26,Nam,2,759000.0,1,Bạc,1,1,1
32,Nam,4,839000.0,4,Bạc,1,3,1
38,Nữ,3,662000.0,1,Đồng,1,3,1
37,Nam,5,899000.0,3,Vàng,1,1,1
22,Nam,3,727000.0,3,Bạc,1,1,1
23,Nam,2,874000.0,7,Vàng,1,3,1
34,Nam,2,737000.0,1,Bạc,1,3,1
22,Nam,3,912000.0,3,Vàng,1,4,0
39,Nữ,2,1018000.0,9,Vàng,1,5,1
23,Nữ,6,843000.0,9,Bạc,1,3,1
24,Nam,2,670000.0,1,Bạc,1,4,1
35,Nữ,7,1246000.0,15,Kim Cương,1,3,1
36,Nam,13,1254000.0,10,Kim Cương,1,4,1
22,Nam,2,853000.0,1,Đồng,1,1,0
30,Nữ,2,964000.0,8,Vàng,1,4,0
23,Nữ,8,853000.0,4,Bạc,1,5,1
32,Nam,3,750000.0,3,Bạc,1,1,1
46,Nam,2,800000.0,5,Bạc,1,1,1
24,Nữ,2,791000.0,1,Bạc,1,4,1
24,Nam,2,645000.0,1,Đồng,1,1,0
23,Nam,2,839000.0,1,Đồng,1,4,0
31,Nữ,2,792000.0,8,Bạc,1,3,1
25,Nam,2,714000.0,3,Bạc,1,3,1
28,Nam,2,921000.0,3,Vàng,1,1,1
24,Nam,2,691000.0,3,Đồng,1,5,1
30,Nam,2,882000.0,5,Bạc,1,5,1
29,Nữ,2,733000.0,3,Bạc,1,4,1
37,Nữ,4,799000.0,9,Bạc,1,1,1
29,Nam,2,854000.0,9,Bạc,1,1,1
33,Nam,12,1163000.0,17,Kim Cương,1,5,1
22,Nữ,2,704000.0,1,Bạc,1,3,1
21,Nữ,2,833000.0,8,Vàng,1,3,1
40,Nữ,5,1175000.0,8,Kim Cương,1,1,1
35,Nam,3,801000.0,3,Bạc,1,5,1
24,Nam,4,834000.0,1,Đồng,1,5,0
37,Nam,2,738000.0,1,Đồng,1,1,0
27,Nam,2,831000.0,4,Bạc,1,4,1
34,Nữ,2,871000.0,5,Bạc,1,4,1
33,Nam,2,1037000.0,8,Vàng,1,5,1
24,Nữ,2,791000.0,5,Vàng,1,1,1
28,Nữ,2,854000.0,2,Vàng,1,1,1
26,Nữ,3,722000.0,3,Bạc,1,3,1
20,Nam,8,766000.0,8,Đồng,1,1,1
37,Nam,2,768000.0,4,Bạc,1,3,1
25,Nam,2,801000.0,10,Bạc,1,3,1
23,Nam,2,814000.0,8,Vàng,1,1,1
22,Nam,2,705000.0,1,Đồng,1,5,0
33,Nữ,2,884000.0,3,Bạc,1,3,1
21,Nam,2,651000.0,3,Đồng,1,4,1
26,Nam,7,824000.0,12,Bạc,1,1,1
20,Nữ,3,895000.0,3,Vàng,1,3,0
40,Nam,2,860000.0,8,Bạc,1,4,1
44,Nữ,2,827000.0,1,Bạc,1,5,1
28,Nam,8,955000.0,10,Bạc,1,5,1
31,Nữ,2,723000.0,8,Đồng,1,4,1
47,Nữ,2,1197000.0,1,Kim Cương,1,1,1
23,Nữ,2,703000.0,4,Đồng,1,3,0
30,Nam,2,853000.0,4,Bạc,1,1,1
42,Nam,5,1238000.0,4,Kim Cương,1,1,1
36,Nam,2,758000.0,1,Bạc,1,1,1
24,Nữ,2,687000.0,1,Bạc,1,4,0
30,Nam,2,335000.0,5,Đồng,1,5,1
20,Nam,2,694000.0,5,Đồng,1,3,1
21,Nam,3,708000.0,4,Bạc,1,5,1
31,Nam,2,835000.0,3,Bạc,1,4,1
24,Nam,3,1046000.0,3,Vàng,1,1,1
27,Nam,2,961000.0,3,Vàng,1,3,1
24,Nam,8,702000.0,7,Bạc,1,5,1
23,Nam,2,767000.0,3,Bạc,1,5,1
28,Nữ,2,898000.0,3,Vàng,1,1,1
25,Nam,9,890000.0,8,Bạc,1,5,1
22,Nam,2,671000.0,4,Đồng,1,1,0
32,Nam,2,716000.0,1,Bạc,1,5,1
28,Nữ,2,747000.0,10,Bạc,1,1,1
23,Nam,2,756000.0,8,Bạc,1,1,1
27,Nam,2,1085000.0,3,Vàng,1,1,1
23,Nam,2,760000.0,9,Bạc,1,1,0
35,Nam,3,944000.0,3,Vàng,1,5,0
44,Nữ,3,673000.0,4,Bạc,1,3,1
29,Nam,3,906000.0,9,Bạc,1,3,1
36,Nam,2,910000.0,10,Vàng,1,3,1
30,Nam,2,676000.0,3,Bạc,1,4,1
42,Nam,2,1253000.0,5,Kim Cương,1,4,1
24,Nữ,2,616000.0,1,Đồng,1,1,1
33,Nam,2,1022000.0,11,Vàng,1,5,1
34,Nam,4,734000.0,8,Bạc,1,3,1
25,Nữ,2,1068000.0,9,Vàng,1,3,1
42,Nữ,2,842000.0,5,Bạc,1,5,1
23,Nam,2,743000.0,3,Bạc,1,3,1
21,Nam,2,695000.0,5,Bạc,1,1,1
33,Nữ,10,782000.0,5,Vàng,1,3,1
33,Nữ,6,807000.0,11,Bạc,1,4,1
21,Nữ,2,695000.0,3,Đồng,1,4,1
25,Nam,2,730000.0,8,Bạc,1,4,1
21,Nam,2,827000.0,3,Bạc,1,3,1
36,Nam,13,1036000.0,3,Vàng,1,3,1
27,Nam,2,659000.0,1,Đồng,1,3,1
30,Nam,6,782000.0,9,Bạc,1,4,1
27,Nam,2,798000.0,3,Bạc,1,3,1
30,Nam,8,750000.0,8,Bạc,1,3,1
34,Nam,2,843000.0,3,Bạc,1,5,1
35,Nam,2,834000.0,1,Bạc,1,1,1
37,Nữ,2,1068000.0,13,Vàng,1,4,1
27,Nam,3,665000.0,3,Bạc,1,3,1
22,Nam,2,703000.0,3,Bạc,1,3,1
27,Nam,2,863000.0,9,Bạc,1,3,1
29,Nữ,9,328000.0,2,Đồng,1,1,1
25,Nữ,5,701000.0,2,Bạc,1,4,1
31,Nam,2,777000.0,1,Đồng,1,1,1
24,Nam,3,698000.0,3,Đồng,1,4,1
32,Nam,2,741000.0,8,Bạc,1,1,1
33,Nữ,2,1018000.0,12,Vàng,1,3,1
25,Nữ,6,1034000.0,3,Vàng,1,1,1
33,Nữ,7,1230000.0,9,Kim Cương,1,1,1
22,Nữ,2,902000.0,5,Bạc,1,3,1
43,Nam,2,751000.0,1,Bạc,1,1,1
34,Nam,2,673000.0,3,Đồng,1,1,1
20,Nam,2,656000.0,3,Đồng,1,5,1
33,Nam,2,1247000.0,4,Kim Cương,1,1,1
23,Nam,2,757000.0,1,Đồng,1,5,0
29,Nữ,4,945000.0,5,Vàng,1,1,1
29,Nữ,2,774000.0,3,Bạc,1,4,1
43,Nam,2,932000.0,10,Vàng,1,3,1
22,Nam,3,778000.0,3,Bạc,1,1,0
33,Nam,5,1229000.0,15,Kim Cương,1,3,1
33,Nam,10,655000.0,9,Đồng,1,3,0
31,Nữ,2,1194000.0,11,Kim Cương,1,4,1
28,Nữ,2,945000.0,8,Vàng,1,3,1
29,Nam,12,948000.0,12,Bạc,1,1,1
34,Nam,2,866000.0,3,Vàng,1,4,1
26,Nam,2,703000.0,3,Đồng,1,5,1
31,Nữ,2,938000.0,3,Vàng,1,1,1
31,Nữ,2,751000.0,10,Bạc,1,1,1
33,Nam,2,810000.0,2,Vàng,1,3,0
29,Nữ,2,823000.0,1,Vàng,1,1,1
35,Nữ,2,795000.0,2,Bạc,1,3,1
33,Nam,3,715000.0,3,Bạc,1,3,1
27,Nam,2,807000.0,3,Bạc,1,3,1
32,Nữ,2,689000.0,3,Đồng,1,3,1
31,Nữ,2,690000.0,2,Bạc,1,1,1
22,Nam,2,739000.0,4,Bạc,1,4,1
22,Nữ,2,746000.0,5,Bạc,1,5,1
34,Nam,2,957000.0,1,Vàng,1,5,0
32,Nữ,2,965000.0,7,Vàng,1,1,1
26,Nam,2,1018000.0,3,Vàng,1,5,1
22,Nữ,2,780000.0,1,Bạc,1,3,1
29,Nam,2,752000.0,4,Đồng,1,1,1
32,Nam,2,960000.0,3,Vàng,1,5,1
24,Nam,2,912000.0,4,Bạc,1,4,1
39,Nam,2,797000.0,9,Bạc,1,4,1
31,Nam,2,736000.0,3,Bạc,1,3,1
29,Nữ,2,772000.0,6,Bạc,1,1,0
41,Nam,2,924000.0,8,Bạc,1,4,1
23,Nam,2,707000.0,1,Đồng,1,3,0
23,Nữ,4,673000.0,1,Bạc,1,3,1
22,Nam,3,706000.0,3,Bạc,1,4,1
28,Nam,4,708000.0,7,Bạc,1,1,1
45,Nữ,2,800000.0,1,Bạc,1,5,1
23,Nam,2,831000.0,1,Bạc,1,3,1
31,Nam,2,1035000.0,3,Vàng,1,3,1
31,Nam,8,778000.0,8,Bạc,1,3,1
31,Nam,2,688000.0,4,Đồng,1,4,1
27,Nữ,2,729000.0,9,Bạc,1,3,1
23,Nam,5,763000.0,4,Bạc,1,3,1
31,Nam,2,665000.0,3,Bạc,1,1,1
21,Nam,2,690000.0,4,Đồng,1,3,0
26,Nữ,9,899000.0,3,Vàng,1,5,1
27,Nam,2,701000.0,6,Bạc,1,4,1
24,Nam,2,704000.0,1,Bạc,1,1,1
43,Nữ,4,1149000.0,8,Kim Cương,1,1,1
33,Nam,2,706000.0,3,Bạc,1,1,1
21,Nữ,2,813000.0,4,Bạc,1,3,1
23,Nam,2,869000.0,4,Bạc,1,5,0
25,Nữ,2,964000.0,12,Vàng,1,4,1
22,Nam,2,664000.0,1,Đồng,1,1,1
24,Nam,2,675000.0,4,Bạc,1,5,0
40,Nữ,5,1236000.0,9,Kim Cương,1,3,1
22,Nữ,7,870000.0,8,Bạc,1,5,0
33,Nam,5,798000.0,3,Vàng,1,4,1
37,Nữ,6,953000.0,3,Vàng,1,1,1
38,Nữ,3,1231000.0,2,Kim Cương,1,5,1
27,Nam,2,660000.0,1,Đồng,1,1,1
37,Nam,2,817000.0,4,Vàng,1,1,1
27,Nam,2,681000.0,9,Đồng,1,3,1
24,Nam,2,692000.0,1,Đồng,1,1,0
20,Nam,3,728000.0,1,Đồng,1,1,0
33,Nữ,2,680000.0,5,Bạc,1,3,1
32,Nam,2,711000.0,3,Bạc,1,3,0
28,Nữ,3,674000.0,3,Đồng,1,1,1
32,Nữ,2,734000.0,1,Bạc,1,5,1
26,Nữ,2,872000.0,4,Bạc,1,5,1
27,Nam,2,657000.0,1,Đồng,1,1,1
21,Nữ,2,685000.0,1,Đồng,1,5,1
20,Nam,2,668000.0,2,Đồng,1,3,0
22,Nam,2,919000.0,3,Vàng,1,3,1
23,Nữ,4,888000.0,8,Bạc,1,1,1
24,Nữ,16,1250000.0,9,Kim Cương,1,3,0
27,Nam,9,861000.0,8,Bạc,1,3,1
32,Nam,2,827000.0,1,Bạc,1,4,1
38,Nam,2,915000.0,9,Bạc,1,1,1
29,Nam,2,773000.0,2,Đồng,1,1,1
31,Nam,2,782000.0,1,Bạc,1,3,0
20,Nam,3,720000.0,3,Bạc,1,3,0
36,Nữ,2,905000.0,4,Bạc,1,5,1
26,Nam,3,926000.0,3,Vàng,1,5,1
20,Nữ,2,833000.0,1,Bạc,1,1,1
28,Nữ,2,1026000.0,13,Vàng,1,1,1
31,Nam,2,1035000.0,3,Vàng,1,5,1
31,Nữ,3,768000.0,3,Bạc,1,5,1
25,Nam,2,934000.0,8,Bạc,1,1,1
28,Nam,2,877000.0,8,Bạc,1,3,1
26,Nam,8,942000.0,9,Bạc,1,1,1
28,Nữ,10,657000.0,10,Đồng,1,1,1
39,Nữ,14,1225000.0,9,Kim Cương,1,3,1
43,Nữ,8,824000.0,10,Vàng,1,5,1
30,Nữ,13,933000.0,3,Vàng,1,3,1
44,Nữ,2,1097000.0,3,Kim Cương,1,3,1
30,Nam,2,818000.0,4,Vàng,1,4,1
38,Nam,2,981000.0,3,Vàng,1,5,1
29,Nam,2,680000.0,3,Đồng,1,5,1
20,Nam,2,778000.0,1,Bạc,1,3,0
46,Nữ,2,755000.0,4,Bạc,1,3,1
22,Nam,2,846000.0,5,Bạc,1,4,1
25,Nam,2,750000.0,1,Đồng,1,4,1
27,Nam,2,869000.0,10,Vàng,1,4,1
28,Nữ,2,692000.0,1,Bạc,1,1,1
24,Nữ,2,902000.0,9,Bạc,1,1,1
26,Nam,3,763000.0,9,Bạc,1,5,1
37,Nam,2,1049000.0,1,Vàng,1,5,1
31,Nam,2,1047000.0,3,Kim Cương,1,3,1
38,Nam,2,906000.0,3,Bạc,1,4,1
24,Nam,4,759000.0,1,Bạc,1,1,1
30,Nam,2,776000.0,5,Bạc,1,3,1
46,Nam,2,953000.0,3,Vàng,1,1,1
29,Nữ,2,766000.0,10,Bạc,1,1,1
29,Nam,2,778000.0,4,Bạc,1,4,1
47,Nam,2,812000.0,3,Vàng,1,1,1
21,Nam,2,684000.0,1,Đồng,1,5,1
40,Nam,2,826000.0,4,Đồng,1,1,1
24,Nam,11,833000.0,9,Bạc,1,1,1
29,Nam,5,963000.0,3,Vàng,1,1,0
31,Nam,2,1177000.0,12,Kim Cương,1,4,1
44,Nam,2,919000.0,1,Bạc,1,1,1
25,Nữ,3,762000.0,8,Bạc,1,4,1
37,Nam,2,952000.0,6,Vàng,1,5,1
26,Nam,6,815000.0,8,Bạc,1,3,1
45,Nữ,2,1029000.0,4,Kim Cương,1,3,1
21,Nữ,2,890000.0,3,Bạc,1,3,1
25,Nam,2,775000.0,5,Bạc,1,3,1
47,Nam,2,1054000.0,9,Kim Cương,1,3,1
34,Nam,2,660000.0,3,Đồng,1,4,1
21,Nam,2,811000.0,3,Đồng,1,5,0
26,Nam,2,705000.0,1,Bạc,1,5,1
22,Nữ,2,779000.0,1,Bạc,1,1,0
26,Nữ,3,779000.0,11,Bạc,1,3,1
30,Nam,2,790000.0,1,Bạc,1,1,1
47,Nữ,3,1228000.0,3,Kim Cương,1,1,1
40,Nữ,2,1207000.0,8,Kim Cương,1,4,1
26,Nam,2,764000.0,4,Bạc,1,3,0
24,Nam,3,672000.0,2,Bạc,1,1,1
19,Nữ,2,732000.0,1,Bạc,1,1,1
44,Nữ,13,954000.0,9,Vàng,1,5,1
23,Nam,2,969000.0,7,Bạc,1,3,0
45,Nữ,5,1179000.0,5,Kim Cương,1,1,1
22,Nam,2,684000.0,3,Bạc,1,3,1
28,Nữ,2,784000.0,1,Bạc,1,4,1
26,Nam,2,833000.0,4,Vàng,1,1,1
27,Nữ,2,967000.0,9,Vàng,1,5,1
28,Nữ,3,937000.0,3,Vàng,1,1,1
28,Nữ,2,836000.0,1,Bạc,1,1,1
32,Nam,5,1168000.0,13,Kim Cương,1,1,1
23,Nam,2,874000.0,10,Bạc,1,3,1
27,Nam,2,807000.0,8,Bạc,1,4,1
36,Nữ,5,844000.0,4,Bạc,1,4,0
41,Nam,16,1250000.0,16,Kim Cương,1,3,1
24,Nam,8,883000.0,8,Bạc,1,3,0
21,Nữ,5,776000.0,4,Đồng,1,4,1
40,Nữ,16,925000.0,3,Vàng,1,1,0
24,Nam,2,754000.0,1,Đồng,1,3,0
22,Nam,3,706000.0,2,Đồng,1,1,1
39,Nữ,6,835000.0,12,Vàng,1,5,1
33,Nữ,2,747000.0,3,Bạc,1,3,1
40,Nữ,3,875000.0,3,Vàng,1,1,1
21,Nữ,3,726000.0,3,Bạc,1,3,0
33,Nam,2,872000.0,8,Vàng,1,3,1
20,Nữ,6,854000.0,8,Bạc,1,3,1
29,Nam,2,873000.0,2,Bạc,1,4,1
32,Nam,2,981000.0,4,Vàng,1,1,0
32,Nữ,6,814000.0,10,Bạc,1,3,1
21,Nam,3,961000.0,3,Vàng,1,3,1
21,Nam,5,903000.0,8,Vàng,1,1,1
23,Nữ,2,879000.0,5,Bạc,1,5,0
36,Nam,2,720000.0,4,Bạc,1,1,1
31,Nữ,3,853000.0,3,Bạc,1,3,1
24,Nữ,2,709000.0,5,Bạc,1,3,1
30,Nam,2,819000.0,8,Bạc,1,1,1
23,Nữ,3,728000.0,31,Bạc,1,5,1
26,Nam,2,697000.0,3,Bạc,1,1,1
35,Nam,8,1175000.0,8,Kim Cương,1,5,1
33,Nam,2,802000.0,5,Đồng,1,5,1
22,Nữ,2,672000.0,1,Đồng,1,4,1
33,Nữ,3,759000.0,14,Bạc,1,4,1
29,Nam,2,843000.0,7,Vàng,1,4,1
43,Nam,5,789000.0,6,Đồng,1,3,1
34,Nam,2,760000.0,16,Đồng,1,4,1
27,Nữ,4,913000.0,3,Vàng,1,1,1
21,Nam,2,748000.0,10,Bạc,1,3,1
44,Nam,2,866000.0,1,Bạc,1,3,1
45,Nữ,2,822000.0,1,Bạc,1,4,1
30,Nam,2,927000.0,12,Vàng,1,1,1
27,Nữ,2,756000.0,3,Đồng,1,3,1
22,Nam,3,849000.0,3,Đồng,1,1,1
22,Nam,3,750000.0,3,Đồng,1,4,1
26,Nam,2,667000.0,3,Bạc,1,1,1
45,Nam,2,957000.0,3,Vàng,1,1,1
24,Nam,2,722000.0,2,Đồng,1,3,1
42,Nữ,5,1278000.0,5,Kim Cương,1,4,1
32,Nam,2,673000.0,9,Đồng,1,3,1
27,Nữ,8,896000.0,3,Vàng,1,1,1
29,Nữ,2,1023000.0,3,Vàng,1,1,1
27,Nam,2,812000.0,5,Bạc,1,3,1
22,Nam,2,753000.0,2,Bạc,1,4,1
23,Nữ,2,804000.0,1,Đồng,1,5,0
30,Nam,8,662000.0,3,Đồng,1,4,1
25,Nam,7,678000.0,11,Bạc,1,5,1
38,Nữ,2,740000.0,4,Bạc,1,5,1
46,Nữ,3,821000.0,3,Bạc,1,5,1
27,Nam,2,705000.0,3,Đồng,1,1,1
21,Nam,2,780000.0,1,Đồng,1,1,0
37,Nữ,16,1124000.0,3,Vàng,1,5,1
31,Nữ,3,668000.0,2,Đồng,1,1,1
25,Nữ,2,886000.0,3,Bạc,1,1,1
26,Nữ,2,714000.0,3,Đồng,1,4,1
29,Nữ,2,845000.0,3,Bạc,1,4,0
40,Nam,2,758000.0,3,Bạc,1,3,1
43,Nữ,2,722000.0,4,Bạc,1,5,1
24,Nữ,2,698000.0,7,Bạc,1,4,1
33,Nữ,10,1234000.0,10,Kim Cương,1,3,1
43,Nam,3,1224000.0,16,Kim Cương,1,4,1
27,Nam,2,976000.0,3,Vàng,1,3,1
43,Nữ,2,1124000.0,1,Kim Cương,1,4,1
42,Nam,12,1265000.0,10,Kim Cương,1,3,1
21,Nữ,2,728000.0,4,Đồng,1,4,1
23,Nam,2,799000.0,2,Bạc,1,3,0
31,Nam,3,692000.0,3,Đồng,1,1,1
38,Nam,12,1162000.0,9,Kim Cương,1,1,1
32,Nam,2,709000.0,8,Bạc,1,5,1
27,Nữ,2,722000.0,3,Bạc,1,4,1
33,Nữ,2,823000.0,3,Bạc,1,3,1
28,Nam,2,835000.0,1,Vàng,1,3,1
31,Nam,2,885000.0,8,Vàng,1,1,1
20,Nam,3,838000.0,1,Bạc,1,5,1
40,Nam,2,858000.0,8,Vàng,1,1,1
26,Nam,3,792000.0,1,Bạc,1,3,1
31,Nam,4,728000.0,8,Bạc,1,1,1
23,Nam,2,914000.0,1,Vàng,1,5,0
23,Nữ,2,989000.0,10,Vàng,1,1,0
22,Nam,3,729000.0,3,Đồng,1,4,1
31,Nữ,2,679000.0,8,Đồng,1,1,1
34,Nam,2,781000.0,3,Bạc,1,1,1
42,Nam,2,956000.0,3,Vàng,1,5,1
23,Nam,10,913000.0,3,Vàng,1,1,0
26,Nam,6,1016000.0,3,Vàng,1,3,1
25,Nữ,2,944000.0,3,Vàng,1,3,1
44,Nam,2,1055000.0,8,Vàng,1,4,1
20,Nữ,2,665000.0,5,Bạc,1,5,0
33,Nữ,2,1120000.0,1,Kim Cương,1,1,1
23,Nữ,2,854000.0,2,Vàng,1,5,0
20,Nam,2,691000.0,6,Đồng,1,3,0
38,Nữ,13,879000.0,3,Vàng,1,1,1
43,Nữ,2,815000.0,6,Bạc,1,5,1
28,Nam,4,844000.0,8,Bạc,1,4,1
28,Nữ,2,814000.0,2,Bạc,1,4,1
30,Nam,2,1015000.0,8,Vàng,1,1,1
32,Nam,6,934000.0,3,Vàng,1,3,1
22,Nam,2,734000.0,5,Bạc,1,3,1
48,Nam,2,740000.0,1,Đồng,1,1,1
33,Nam,6,759000.0,9,Bạc,1,1,1
24,Nữ,5,878000.0,2,Vàng,1,1,1
29,Nữ,2,906000.0,3,Vàng,1,3,1
23,Nam,2,686000.0,2,Đồng,1,1,0
44,Nữ,3,743000.0,3,Bạc,1,1,1
35,Nam,12,1240000.0,16,Kim Cương,1,1,1
45,Nam,3,743000.0,3,Đồng,1,3,1
42,Nữ,2,1250000.0,7,Kim Cương,1,1,1
23,Nam,2,688000.0,5,Đồng,1,1,0
36,Nữ,2,1259000.0,10,Kim Cương,1,1,1
23,Nữ,2,802000.0,8,Bạc,1,5,0
42,Nam,16,1235000.0,13,Kim Cương,1,3,1
29,Nữ,2,706000.0,3,Bạc,1,4,1
23,Nam,2,744000.0,3,Bạc,1,3,0
28,Nữ,2,696000.0,3,Đồng,1,3,1
25,Nam,3,828000.0,3,Bạc,1,1,1
30,Nam,2,753000.0,1,Bạc,1,5,1
34,Nam,5,776000.0,8,Bạc,1,1,1
38,Nam,2,1239000.0,8,Kim Cương,1,1,1
28,Nam,3,1033000.0,3,Kim Cương,1,3,1
25,Nữ,2,703000.0,3,Bạc,1,1,1
26,Nam,6,801000.0,10,Bạc,1,5,1
31,Nữ,2,750000.0,3,Bạc,1,5,1
38,Nam,2,876000.0,3,Vàng,1,3,1
21,Nam,2,902000.0,3,Vàng,1,3,0
32,Nữ,2,1140000.0,9,Vàng,1,3,1
26,Nam,2,775000.0,6,Đồng,1,1,1
34,Nữ,2,819000.0,3,Vàng,1,5,1
23,Nam,2,847000.0,3,Vàng,1,1,1
22,Nữ,2,752000.0,3,Bạc,1,3,1
32,Nữ,8,663000.0,9,Bạc,1,5,1
33,Nam,4,1247000.0,10,Kim Cương,1,3,1
41,Nam,2,667000.0,1,Bạc,1,1,1
24,Nam,2,691000.0,5,Bạc,1,4,0
27,Nam,2,804000.0,4,Bạc,1,4,1
31,Nam,8,853000.0,6,Bạc,1,1,1
25,Nam,2,680000.0,5,Đồng,1,5,1
39,Nữ,8,1165000.0,8,Kim Cương,1,4,1
24,Nam,2,692000.0,1,Bạc,1,3,0
22,Nam,2,913000.0,1,Vàng,1,4,1
27,Nam,8,909000.0,9,Bạc,1,1,1
23,Nam,2,723000.0,6,Bạc,1,5,1
38,Nam,2,1057000.0,11,Kim Cương,1,1,1
30,Nam,11,683000.0,12,Bạc,1,1,1
43,Nam,5,1234000.0,14,Kim Cương,1,5,1
30,Nam,2,974000.0,10,Vàng,1,4,0
25,Nam,2,826000.0,5,Đồng,1,1,1
34,Nam,2,833000.0,2,Vàng,1,1,1
22,Nam,2,773000.0,1,Bạc,1,3,1
31,Nữ,2,1120000.0,3,Kim Cương,1,1,1
27,Nữ,2,1069000.0,3,Vàng,1,4,1
30,Nữ,8,954000.0,8,Bạc,1,5,1
20,Nữ,2,920000.0,5,Vàng,1,4,1
42,Nam,2,1238000.0,7,Kim Cương,1,4,1
42,Nam,2,1188000.0,4,Kim Cương,1,3,1
35,Nam,12,947000.0,7,Bạc,1,3,1
25,Nam,2,831000.0,10,Bạc,1,1,1
45,Nam,2,873000.0,9,Bạc,1,1,1
19,Nam,4,762000.0,4,Bạc,1,5,1
31,Nữ,6,663000.0,8,Đồng,1,1,1
27,Nam,2,846000.0,1,Bạc,1,3,0
33,Nam,2,809000.0,3,Bạc,1,1,1
21,Nam,2,686000.0,3,Đồng,1,4,0
24,Nữ,2,836000.0,3,Bạc,1,1,1
40,Nữ,2,1222000.0,3,Kim Cương,1,5,1
29,Nam,8,739000.0,8,Bạc,1,4,1
23,Nữ,3,669000.0,3,Bạc,1,4,1
22,Nam,8,781000.0,5,Bạc,1,1,0
32,Nam,2,669000.0,3,Đồng,1,1,1
31,Nữ,2,1058000.0,9,Kim Cương,1,4,1
24,Nam,2,655000.0,1,Đồng,1,3,0
29,Nam,7,897000.0,10,Vàng,1,4,1
26,Nam,2,803000.0,1,Bạc,1,1,1
39,Nam,2,860000.0,3,Bạc,1,4,1
35,Nam,2,1212000.0,5,Kim Cương,1,4,1
22,Nữ,2,633000.0,1,Đồng,1,3,1
22,Nam,2,881000.0,8,Bạc,1,5,1
26,Nam,8,802000.0,8,Vàng,1,1,1
31,Nam,4,978000.0,3,Vàng,1,1,1
28,Nữ,2,822000.0,9,Bạc,1,4,1
27,Nam,5,800000.0,9,Bạc,1,3,1
28,Nữ,2,1056000.0,2,Vàng,1,4,1
47,Nam,2,791000.0,3,Bạc,1,3,1
24,Nam,2,749000.0,4,Bạc,1,1,1
25,Nam,2,800000.0,1,Vàng,1,5,1
37,Nam,10,852000.0,12,Bạc,1,5,1
24,Nam,3,771000.0,3,Bạc,1,1,1
30,Nữ,2,960000.0,9,Vàng,1,4,1
22,Nam,12,1171000.0,11,Kim Cương,1,5,1
35,Nữ,2,779000.0,8,Đồng,1,1,1
41,Nữ,2,1042000.0,8,Kim Cương,1,3,1
33,Nam,8,798000.0,8,Bạc,1,4,0
22,Nữ,2,674000.0,3,Đồng,1,4,1
29,Nữ,12,747000.0,10,Bạc,1,4,1
21,Nam,2,723000.0,5,Bạc,1,3,1
25,Nam,2,837000.0,8,Vàng,1,1,1
28,Nữ,2,817000.0,8,Bạc,1,1,1
22,Nam,3,721000.0,3,Bạc,1,1,0
23,Nữ,2,795000.0,10,Bạc,1,1,1
23,Nữ,9,1061000.0,3,Vàng,1,3,1
35,Nam,14,1242000.0,4,Kim Cương,1,1,1
24,Nữ,2,853000.0,1,Bạc,1,3,0
26,Nam,2,775000.0,2,Bạc,1,1,1
38,Nam,2,1211000.0,2,Kim Cương,1,3,1
36,Nữ,2,748000.0,1,Bạc,1,3,1
26,Nam,2,813000.0,5,Vàng,1,4,1
45,Nữ,2,751000.0,4,Bạc,1,3,1
34,Nữ,2,975000.0,3,Vàng,1,5,1
36,Nam,10,743000.0,9,Bạc,1,1,1
31,Nam,2,984000.0,3,Vàng,1,1,1
22,Nam,2,648000.0,8,Đồng,1,5,0
23,Nam,3,797000.0,3,Bạc,1,1,1
29,Nữ,2,806000.0,3,Bạc,1,3,1
25,Nữ,2,884000.0,8,Vàng,1,4,1
30,Nam,2,858000.0,5,Vàng,1,1,1
31,Nam,2,993000.0,10,Vàng,1,1,1
28,Nữ,5,854000.0,11,Vàng,1,1,1
26,Nữ,2,890000.0,8,Vàng,1,4,1
30,Nam,2,869000.0,14,Vàng,1,4,1
20,Nam,2,688000.0,3,Bạc,1,1,1
34,Nam,2,833000.0,3,Bạc,1,4,1
38,Nam,2,795000.0,1,Bạc,1,3,1
34,Nữ,2,1137000.0,1,Kim Cương,1,1,1
25,Nam,2,774000.0,3,Bạc,1,3,1
33,Nam,2,666000.0,1,Bạc,1,3,1
25,Nữ,2,686000.0,8,Đồng,1,4,1
37,Nữ,2,1130000.0,1,Vàng,1,3,1
30,Nam,7,801000.0,8,Bạc,1,5,1
23,Nữ,3,747000.0,3,Bạc,1,3,1
19,Nam,8,839000.0,8,Bạc,1,3,1
33,Nam,2,977000.0,1,Vàng,1,1,1
22,Nữ,2,650000.0,3,Đồng,1,4,0
27,Nữ,2,853000.0,1,Vàng,1,1,1
29,Nam,2,890000.0,3,Vàng,1,1,1
44,Nam,2,796000.0,3,Vàng,1,3,1
32,Nữ,2,681000.0,8,Đồng,1,3,1
24,Nam,3,859000.0,3,Bạc,1,1,1
25,Nữ,2,701000.0,1,Bạc,1,3,0
31,Nữ,2,825000.0,4,Bạc,1,5,1
39,Nữ,2,793000.0,1,Bạc,1,3,1
26,Nam,8,984000.0,3,Vàng,1,4,0
39,Nam,2,976000.0,3,Vàng,1,1,1
25,Nam,2,799000.0,1,Vàng,1,3,0
27,Nam,3,740000.0,3,Bạc,1,4,1
24,Nữ,2,727000.0,1,Bạc,1,4,0
25,Nam,2,725000.0,3,Đồng,1,1,1
30,Nam,2,909000.0,1,Vàng,1,4,1
21,Nam,2,702000.0,5,Bạc,1,4,1
23,Nam,2,823000.0,8,Bạc,1,1,1
39,Nam,2,1126000.0,1,Vàng,1,3,1
43,Nữ,2,738000.0,8,Bạc,1,1,1
29,Nữ,3,691000.0,3,Đồng,1,3,1
21,Nam,2,780000.0,5,Bạc,1,1,0
45,Nữ,2,1143000.0,3,Kim Cương,1,1,1
23,Nữ,2,731000.0,4,Bạc,1,3,1
25,Nam,2,764000.0,1,Đồng,1,4,1
22,Nam,2,844000.0,5,Bạc,1,5,0
23,Nữ,2,682000.0,3,Đồng,1,4,1
31,Nam,10,853000.0,1,Vàng,1,3,1
19,Nam,2,833000.0,1,Đồng,1,1,0
30,Nữ,13,692000.0,18,Bạc,1,5,1
34,Nữ,2,778000.0,4,Bạc,1,4,1
36,Nữ,2,737000.0,3,Đồng,1,5,1
31,Nam,2,729000.0,2,Bạc,1,4,1
35,Nam,4,1039000.0,10,Kim Cương,1,4,1
33,Nữ,2,855000.0,1,Bạc,1,3,1
43,Nam,2,1246000.0,3,Kim Cương,1,5,1
28,Nữ,2,849000.0,3,Vàng,1,3,1
22,Nữ,4,733000.0,13,Bạc,1,5,1
38,Nam,2,787000.0,3,Đồng,1,1,1
36,Nữ,2,770000.0,3,Bạc,1,3,1
26,Nữ,2,724000.0,4,Bạc,1,1,1
32,Nữ,11,782000.0,8,Bạc,1,3,1
26,Nam,4,666000.0,3,Đồng,1,5,1
33,Nam,2,1239000.0,7,Kim Cương,1,3,1
47,Nữ,2,1003000.0,8,Vàng,1,5,1
25,Nữ,5,790000.0,5,Vàng,1,3,1
31,Nam,2,924000.0,8,Vàng,1,5,1
26,Nam,2,741000.0,9,Bạc,1,5,1
22,Nam,2,739000.0,3,Bạc,1,5,0
41,Nam,2,880000.0,5,Vàng,1,3,1
36,Nam,2,815000.0,3,Bạc,1,1,1
43,Nữ,2,1140000.0,5,Kim Cương,1,1,1
36,Nữ,2,726000.0,3,Bạc,1,3,1
24,Nữ,2,910000.0,3,Bạc,1,1,1
45,Nữ,12,1251000.0,11,Kim Cương,1,5,1
37,Nữ,2,779000.0,9,Bạc,1,3,1
33,Nữ,2,725000.0,5,Bạc,1,1,1
23,Nữ,2,757000.0,5,Bạc,1,4,0
22,Nữ,2,730000.0,1,Đồng,1,3,0
30,Nam,2,814000.0,1,Đồng,1,1,1
33,Nữ,2,1202000.0,13,Kim Cương,1,3,1
24,Nữ,2,837000.0,3,Bạc,1,1,1
25,Nam,2,707000.0,5,Đồng,1,1,1
26,Nam,2,1067000.0,8,Vàng,1,3,1
21,Nữ,2,736000.0,2,Đồng,1,4,0
23,Nam,2,677000.0,1,Đồng,1,1,0
25,Nữ,8,849000.0,9,Vàng,1,5,1
46,Nam,2,1047000.0,1,Kim Cương,1,1,1
42,Nam,16,1170000.0,8,Kim Cương,1,3,1
26,Nữ,7,707000.0,8,Đồng,1,1,1
46,Nữ,14,1029000.0,3,Vàng,1,5,1
37,Nữ,2,772000.0,5,Bạc,1,1,1
36,Nam,2,1197000.0,2,Kim Cương,1,3,1
29,Nam,5,775000.0,4,Bạc,1,3,1
45,Nữ,2,701000.0,1,Bạc,1,3,1
29,Nam,6,684000.0,8,Bạc,1,3,1
27,Nữ,2,990000.0,3,Vàng,1,1,1
26,Nam,2,1131000.0,9,Vàng,1,4,1
22,Nam,8,1031000.0,8,Kim Cương,1,3,0
21,Nam,2,719000.0,4,Bạc,1,1,0
23,Nam,2,720000.0,3,Bạc,1,4,1
29,Nam,2,839000.0,1,Vàng,1,3,1
24,Nam,2,909000.0,3,Vàng,1,3,0
22,Nữ,2,958000.0,3,Vàng,1,5,0
32,Nam,3,737000.0,1,Đồng,1,3,1
31,Nam,10,944000.0,3,Vàng,1,1,1
23,Nam,2,780000.0,3,Bạc,1,3,0
41,Nữ,7,755000.0,8,Bạc,1,1,1
44,Nữ,8,1164000.0,9,Kim Cương,1,4,1
35,Nam,2,824000.0,11,Vàng,1,1,1
30,Nam,7,731000.0,10,Bạc,1,3,1
31,Nữ,2,1064000.0,14,Vàng,1,3,1
29,Nữ,2,700000.0,8,Bạc,1,3,1
26,Nam,2,821000.0,6,Vàng,1,1,1
33,Nam,6,967000.0,9,Vàng,1,5,1
37,Nam,4,854000.0,8,Bạc,1,4,1
22,Nữ,2,668000.0,1,Bạc,1,3,0
24,Nam,2,731000.0,3,Bạc,1,1,1
25,Nữ,2,1218000.0,6,Kim Cương,1,3,1
28,Nam,2,1100000.0,2,Vàng,1,1,1
20,Nam,2,685000.0,1,Đồng,1,4,0
33,Nam,2,990000.0,2,Vàng,1,5,1
32,Nữ,2,888000.0,8,Vàng,1,3,1
20,Nam,2,733000.0,1,Bạc,1,3,1
29,Nữ,2,810000.0,4,Bạc,1,3,1
28,Nam,6,766000.0,8,Bạc,1,1,1
20,Nam,2,760000.0,1,Đồng,1,1,0
32,Nữ,2,910000.0,3,Vàng,1,1,1
37,Nữ,2,917000.0,3,Vàng,1,3,1
30,Nữ,12,1186000.0,9,Kim Cương,1,5,1
32,Nam,8,893000.0,3,Vàng,1,4,1
40,Nam,7,773000.0,10,Bạc,1,5,1
23,Nam,2,746000.0,3,Bạc,1,3,0
20,Nam,3,687000.0,2,Đồng,1,1,1
32,Nữ,2,1014000.0,3,Vàng,1,3,1
31,Nữ,5,801000.0,4,Vàng,1,4,1
40,Nam,2,1249000.0,10,Kim Cương,1,3,1
24,Nam,2,667000.0,5,Bạc,1,1,1
22,Nam,2,916000.0,5,Vàng,1,4,1
22,Nam,2,798000.0,1,Đồng,1,4,1
42,Nam,11,1207000.0,8,Kim Cương,1,4,1
23,Nam,2,647000.0,7,Đồng,1,3,1
23,Nữ,2,747000.0,3,Bạc,1,3,0
24,Nam,2,750000.0,1,Đồng,1,5,0
28,Nam,2,726000.0,4,Bạc,1,1,1
21,Nam,2,805000.0,3,Bạc,1,5,0
26,Nam,2,743000.0,3,Bạc,1,1,1
28,Nam,6,920000.0,8,Bạc,1,1,1
22,Nữ,2,665000.0,4,Đồng,1,3,1
27,Nam,2,887000.0,3,Vàng,1,3,1
21,Nữ,2,701000.0,1,Bạc,1,4,1
35,Nữ,3,741000.0,3,Bạc,1,1,1
36,Nam,2,1157000.0,1,Kim Cương,1,1,1
32,Nữ,2,754000.0,1,Bạc,1,5,1
33,Nam,5,792000.0,8,Bạc,1,3,1
37,Nữ,2,1073000.0,3,Kim Cương,1,5,1
34,Nữ,2,772000.0,3,Bạc,1,3,1
28,Nữ,2,768000.0,7,Đồng,1,3,1
23,Nam,2,677000.0,3,Bạc,1,5,0
23,Nam,2,690000.0,3,Bạc,1,3,1
36,Nam,2,1249000.0,2,Kim Cương,1,1,1
24,Nam,3,804000.0,3,Bạc,1,3,1
28,Nam,2,822000.0,3,Vàng,1,3,1
30,Nữ,2,797000.0,6,Vàng,1,1,1
24,Nữ,2,782000.0,1,Đồng,1,3,1
44,Nữ,9,983000.0,11,Vàng,1,5,1
25,Nam,9,681000.0,9,Bạc,1,1,1
29,Nữ,2,762000.0,1,Bạc,1,5,0
23,Nữ,2,469000.0,3,Đồng,1,1,1
31,Nam,8,942000.0,3,Vàng,1,3,1
24,Nữ,2,803000.0,3,Bạc,1,3,1
29,Nam,12,823000.0,9,Vàng,1,1,1
30,Nam,5,1007000.0,8,Vàng,1,1,1
46,Nam,2,983000.0,2,Vàng,1,4,1
30,Nam,2,863000.0,3,Vàng,1,4,1
20,Nam,2,675000.0,2,Đồng,1,1,1
21,Nam,2,612000.0,2,Đồng,1,3,0
24,Nam,10,687000.0,8,Bạc,1,5,0
29,Nam,2,726000.0,1,Đồng,1,3,1
23,Nam,2,745000.0,3,Bạc,1,5,1
22,Nam,2,900000.0,3,Bạc,1,4,1
30,Nữ,2,844000.0,6,Bạc,1,1,1
23,Nam,3,772000.0,9,Bạc,1,1,1
40,Nam,3,855000.0,3,Vàng,1,4,1
25,Nữ,2,864000.0,5,Bạc,1,1,1
32,Nam,2,820000.0,1,Bạc,1,1,1
41,Nam,4,683000.0,9,Bạc,1,3,1
25,Nữ,8,901000.0,3,Vàng,1,4,1
21,Nữ,3,771000.0,1,Bạc,1,3,0
32,Nữ,12,726000.0,11,Bạc,1,3,1
27,Nam,2,768000.0,9,Bạc,1,1,1
33,Nam,2,842000.0,4,Vàng,1,3,0
33,Nữ,2,854000.0,9,Vàng,1,1,1
24,Nữ,2,817000.0,8,Vàng,1,5,1
25,Nữ,2,997000.0,8,Vàng,1,1,1
37,Nam,2,754000.0,8,Bạc,1,5,1
33,Nam,2,1065000.0,3,Vàng,1,5,1
45,Nam,2,1174000.0,4,Kim Cương,1,3,1
33,Nam,13,1238000.0,7,Kim Cương,1,1,1
41,Nam,3,798000.0,3,Bạc,1,5,1
19,Nam,2,1011000.0,3,Vàng,1,5,1
33,Nam,3,1239000.0,11,Kim Cương,1,3,1
40,Nam,3,764000.0,3,Bạc,1,4,1
22,Nữ,4,681000.0,8,Đồng,1,4,0
29,Nữ,2,1000000.0,6,Vàng,1,5,1
31,Nữ,2,877000.0,1,Vàng,1,3,1
37,Nam,2,744000.0,5,Bạc,1,3,1
39,Nữ,12,1036000.0,14,Kim Cương,1,3,1
26,Nam,8,930000.0,8,Bạc,1,1,1
22,Nam,2,665000.0,1,Bạc,1,3,1
28,Nam,3,683000.0,3,Bạc,1,3,0
34,Nam,3,903000.0,3,Vàng,1,1,1
29,Nữ,5,777000.0,4,Bạc,1,3,1
19,Nam,2,705000.0,3,Đồng,1,5,1
30,Nữ,4,844000.0,7,Vàng,1,4,1
45,Nam,2,935000.0,2,Vàng,1,1,1
33,Nữ,3,790000.0,4,Đồng,1,1,1
22,Nữ,2,918000.0,8,Vàng,1,5,1
23,Nam,3,699000.0,3,Đồng,1,4,1
43,Nam,3,748000.0,3,Đồng,1,1,1
31,Nữ,2,743000.0,1,Bạc,1,5,1
27,Nam,5,810000.0,8,Bạc,1,1,1
31,Nam,2,708000.0,2,Bạc,1,3,1
26,Nữ,2,789000.0,1,Bạc,1,5,1
40,Nam,2,1164000.0,17,Kim Cương,1,5,1
23,Nam,8,696000.0,9,Bạc,1,1,0
21,Nữ,2,958000.0,5,Bạc,1,1,1
36,Nam,4,822000.0,2,Vàng,1,3,1
18,Nam,2,797000.0,3,Bạc,1,3,1
27,Nữ,2,800000.0,4,Vàng,1,3,0
30,Nam,2,946000.0,5,Vàng,1,1,1
37,Nam,2,1245000.0,5,Kim Cương,1,5,0
30,Nam,2,883000.0,10,Vàng,1,5,1
41,Nam,2,821000.0,3,Bạc,1,1,1
24,Nữ,3,765000.0,1,Bạc,1,1,1
23,Nữ,2,734000.0,2,Bạc,1,3,1
20,Nam,2,840000.0,3,Bạc,1,5,0
28,Nữ,2,760000.0,4,Bạc,1,1,1
41,Nữ,2,756000.0,5,Bạc,1,5,1
23,Nam,2,839000.0,2,Bạc,1,1,1
30,Nữ,5,699000.0,4,Bạc,1,5,1
32,Nữ,5,786000.0,13,Bạc,1,5,1
29,Nữ,2,720000.0,4,Bạc,1,5,1
31,Nữ,2,737000.0,3,Đồng,1,1,1
25,Nam,2,853000.0,3,Bạc,1,3,1
31,Nữ,4,911000.0,8,Bạc,1,4,1
31,Nữ,2,878000.0,3,Vàng,1,5,1
36,Nam,15,1215000.0,10,Kim Cương,1,1,1
21,Nam,2,781000.0,1,Đồng,1,5,0
20,Nam,2,666000.0,1,Bạc,1,4,1
43,Nữ,2,816000.0,5,Bạc,1,3,1
41,Nam,2,1189000.0,4,Kim Cương,1,3,1
24,Nữ,2,654000.0,1,Đồng,1,5,0
27,Nam,2,954000.0,8,Vàng,1,3,1
22,Nữ,2,810000.0,3,Bạc,1,5,0
38,Nữ,4,1161000.0,1,Kim Cương,1,1,1
29,Nữ,2,807000.0,6,Bạc,1,4,1
25,Nam,2,861000.0,8,Bạc,1,3,1
39,Nam,14,1241000.0,9,Kim Cương,1,4,0
29,Nữ,3,690000.0,3,Đồng,1,3,1
34,Nữ,2,804000.0,3,Bạc,1,1,1
21,Nam,3,810000.0,2,Bạc,1,3,0
28,Nam,2,679000.0,5,Đồng,1,4,1
25,Nữ,7,792000.0,9,Bạc,1,3,1
34,Nam,2,788000.0,1,Bạc,1,3,1
24,Nữ,2,995000.0,1,Vàng,1,1,1
37,Nữ,2,698000.0,1,Đồng,1,3,1
35,Nam,8,752000.0,9,Bạc,1,4,1
34,Nam,2,841000.0,3,Vàng,1,5,1
28,Nữ,2,737000.0,4,Đồng,1,1,1
33,Nữ,8,930000.0,8,Vàng,1,1,0
36,Nam,8,820000.0,4,Bạc,1,1,0
38,Nam,2,1174000.0,1,Kim Cương,1,5,1
21,Nam,2,1065000.0,9,Vàng,1,1,1
28,Nam,2,1057000.0,3,Vàng,1,3,1
24,Nữ,8,868000.0,6,Bạc,1,4,1
28,Nam,2,820000.0,3,Bạc,1,1,1
24,Nữ,2,701000.0,8,Đồng,1,3,0
21,Nam,2,635000.0,1,Đồng,1,1,1
41,Nữ,5,1147000.0,18,Kim Cương,1,3,1
36,Nam,3,785000.0,4,Bạc,1,4,1
22,Nam,2,720000.0,2,Bạc,1,5,1
25,Nam,2,874000.0,9,Bạc,1,5,1
28,Nữ,2,662000.0,2,Đồng,1,5,1
29,Nam,5,823000.0,12,Bạc,1,1,1
25,Nam,2,721000.0,4,Bạc,1,1,1
25,Nam,2,715000.0,4,Bạc,1,1,1
41,Nữ,2,1035000.0,5,Vàng,1,1,1
38,Nam,2,939000.0,3,Vàng,1,5,1
27,Nữ,2,761000.0,4,Bạc,1,3,1
43,Nữ,2,1187000.0,1,Kim Cương,1,1,1
32,Nam,2,903000.0,1,Vàng,1,3,1
22,Nam,2,768000.0,5,Bạc,1,1,1
22,Nam,3,898000.0,3,Bạc,1,1,1
35,Nam,2,865000.0,3,Bạc,1,1,1
33,Nam,3,705000.0,3,Đồng,1,1,1
29,Nam,2,805000.0,4,Đồng,1,5,1
22,Nam,2,819000.0,4,Bạc,1,5,1
28,Nữ,2,1057000.0,16,Vàng,1,3,1
21,Nữ,8,765000.0,9,Đồng,1,4,0
27,Nam,2,669000.0,3,Đồng,1,1,1
20,Nam,2,731000.0,4,Bạc,1,5,1
41,Nữ,2,770000.0,3,Bạc,1,5,1
21,Nam,4,771000.0,5,Bạc,1,1,1
25,Nam,6,834000.0,4,Vàng,1,4,1
30,Nam,2,793000.0,3,Bạc,1,4,1
33,Nữ,2,777000.0,4,Bạc,1,1,1
26,Nam,2,775000.0,3,Đồng,1,1,1
25,Nữ,2,790000.0,3,Bạc,1,3,0
43,Nam,2,1004000.0,3,Vàng,1,1,1
28,Nam,2,1004000.0,9,Vàng,1,4,1
31,Nữ,2,735000.0,1,Bạc,1,1,1
46,Nữ,4,1142000.0,9,Kim Cương,1,1,1
36,Nữ,3,788000.0,3,Bạc,1,1,1
36,Nữ,8,890000.0,8,Bạc,1,1,1
32,Nam,2,855000.0,10,Vàng,1,4,1
44,Nam,15,1199000.0,8,Kim Cương,1,5,1
29,Nữ,2,747000.0,5,Bạc,1,1,1
27,Nam,2,653000.0,4,Đồng,1,4,1
22,Nam,2,864000.0,2,Bạc,1,1,0
24,Nữ,2,706000.0,4,Đồng,1,1,1
39,Nam,8,692000.0,2,Đồng,1,5,1
23,Nam,2,782000.0,3,Bạc,1,1,1
38,Nam,2,701000.0,1,Đồng,1,1,0
36,Nữ,2,882000.0,1,Bạc,1,4,1
24,Nữ,2,675000.0,3,Đồng,1,3,0
22,Nữ,2,786000.0,1,Bạc,1,1,0
29,Nam,5,881000.0,12,Vàng,1,1,1
39,Nữ,2,790000.0,3,Bạc,1,1,1
21,Nữ,2,833000.0,3,Bạc,1,3,0
28,Nữ,2,699000.0,1,Bạc,1,1,0
25,Nữ,3,761000.0,3,Đồng,1,3,1
21,Nam,3,807000.0,3,Đồng,1,5,0
23,Nữ,2,774000.0,1,Đồng,1,3,1
29,Nam,2,689000.0,1,Đồng,1,4,1
36,Nữ,2,870000.0,4,Vàng,1,3,1
27,Nam,2,670000.0,3,Bạc,1,5,1
47,Nữ,2,948000.0,3,Vàng,1,4,1
24,Nam,6,715000.0,3,Đồng,1,3,1
30,Nữ,2,918000.0,8,Bạc,1,1,1
43,Nữ,2,817000.0,8,Vàng,1,4,1
38,Nam,2,742000.0,1,Đồng,1,3,1
26,Nữ,2,832000.0,1,Vàng,1,3,1
29,Nam,2,835000.0,2,Bạc,1,1,1
29,Nữ,6,1045000.0,12,Kim Cương,1,5,1
27,Nữ,2,790000.0,3,Đồng,1,4,1
25,Nam,2,762000.0,1,Đồng,1,4,0
31,Nam,2,906000.0,3,Vàng,1,4,1
23,Nam,2,732000.0,8,Bạc,1,5,1
32,Nam,3,761000.0,18,Bạc,1,5,1
30,Nam,4,811000.0,10,Đồng,1,3,1
23,Nam,2,678000.0,1,Đồng,1,4,0
22,Nam,2,795000.0,1,Bạc,1,5,0
25,Nữ,9,767000.0,6,Bạc,1,1,1
35,Nam,2,741000.0,1,Bạc,1,4,1
29,Nữ,7,810000.0,4,Vàng,1,5,1
24,Nam,4,910000.0,3,Vàng,1,1,0
27,Nữ,2,847000.0,5,Vàng,1,1,1
23,Nam,12,919000.0,3,Vàng,1,3,0
36,Nam,2,737000.0,9,Bạc,1,4,1
22,Nữ,2,709000.0,3,Đồng,1,1,1
28,Nữ,2,802000.0,1,Bạc,1,3,1
43,Nam,8,1172000.0,9,Kim Cương,1,1,1
39,Nam,2,854000.0,1,Đồng,1,3,0
44,Nam,16,1085000.0,3,Kim Cương,1,3,1
23,Nam,8,812000.0,8,Vàng,1,3,1
32,Nữ,2,791000.0,4,Bạc,1,1,1
28,Nam,2,860000.0,9,Vàng,1,1,1
31,Nam,2,937000.0,8,Vàng,1,3,1
23,Nữ,2,1077000.0,1,Vàng,1,4,0
39,Nam,3,862000.0,8,Bạc,1,3,1
28,Nam,2,773000.0,8,Bạc,1,1,1
22,Nam,2,819000.0,3,Đồng,1,5,0
27,Nam,7,1183000.0,1,Kim Cương,1,3,1
23,Nữ,2,792000.0,1,Đồng,1,5,0
28,Nữ,2,795000.0,3,Bạc,1,1,1
38,Nữ,2,698000.0,3,Đồng,1,1,1
41,Nam,2,1182000.0,4,Kim Cương,1,1,1
23,Nữ,2,786000.0,3,Bạc,1,4,1
32,Nam,2,1246000.0,12,Kim Cương,1,3,1
22,Nữ,3,715000.0,3,Bạc,1,4,1
38,Nam,2,756000.0,9,Bạc,1,5,1
37,Nữ,2,803000.0,8,Bạc,1,1,1
20,Nữ,2,648000.0,2,Đồng,1,3,0
41,Nam,2,1132000.0,6,Kim Cương,1,3,1
31,Nam,2,756000.0,3,Bạc,1,3,1
41,Nam,2,957000.0,8,Vàng,1,3,1
23,Nữ,4,780000.0,3,Bạc,1,3,1
22,Nam,2,895000.0,3,Bạc,1,4,0
27,Nữ,2,728000.0,4,Bạc,1,5,1
24,Nam,2,674000.0,1,Đồng,1,1,1
46,Nữ,2,924000.0,9,Vàng,1,3,1
29,Nữ,11,912000.0,3,Vàng,1,3,1
23,Nữ,2,960000.0,8,Vàng,1,5,1
20,Nữ,2,723000.0,1,Bạc,1,5,0
19,Nữ,2,748000.0,3,Đồng,1,4,0
23,Nam,2,770000.0,4,Bạc,1,1,1
19,Nam,2,718000.0,2,Đồng,1,5,1
42,Nam,3,746000.0,3,Bạc,1,3,1
40,Nam,2,977000.0,9,Vàng,1,3,1
36,Nữ,3,785000.0,2,Bạc,1,3,1
34,Nữ,2,1063000.0,9,Vàng,1,1,1
23,Nữ,3,820000.0,3,Bạc,1,1,1
28,Nam,2,840000.0,3,Bạc,1,1,1
21,Nam,2,1211000.0,1,Kim Cương,1,3,1
40,Nam,2,761000.0,1,Đồng,1,1,1
45,Nữ,5,1049000.0,4,Kim Cương,1,1,1
24,Nữ,2,793000.0,1,Bạc,1,4,0
44,Nam,7,829000.0,8,Vàng,1,4,1
34,Nữ,6,1384000.0,11,Kim Cương,1,3,1
31,Nam,2,815000.0,1,Vàng,1,1,1
21,Nam,3,844000.0,3,Bạc,1,5,0
34,Nữ,7,1275000.0,10,Kim Cương,1,1,0
37,Nữ,2,1111000.0,12,Vàng,1,1,1
40,Nữ,2,798000.0,14,Vàng,1,3,1
21,Nữ,16,743000.0,15,Bạc,1,5,0
31,Nữ,2,958000.0,9,Vàng,1,5,1
29,Nữ,3,775000.0,3,Đồng,1,1,1
34,Nữ,2,1190000.0,2,Kim Cương,1,1,1
26,Nữ,8,724000.0,8,Bạc,1,3,1
27,Nam,2,891000.0,3,Vàng,1,1,1
47,Nam,2,1006000.0,5,Vàng,1,1,1
39,Nam,2,725000.0,5,Đồng,1,4,1
42,Nữ,7,836000.0,13,Vàng,1,4,1
22,Nam,2,780000.0,1,Bạc,1,3,0
21,Nam,2,690000.0,3,Đồng,1,5,0
28,Nữ,2,771000.0,1,Đồng,1,3,1
22,Nam,2,779000.0,1,Đồng,1,4,1
30,Nam,3,745000.0,3,Bạc,1,3,1
42,Nam,8,1241000.0,8,Kim Cương,1,3,1
29,Nữ,2,771000.0,2,Bạc,1,4,1
34,Nam,8,894000.0,6,Vàng,1,5,1
21,Nữ,2,674000.0,4,Đồng,1,3,1
36,Nam,3,1253000.0,3,Kim Cương,1,1,1
42,Nữ,2,922000.0,1,Vàng,1,3,1
45,Nữ,2,794000.0,4,Bạc,1,3,1
30,Nữ,8,863000.0,3,Vàng,1,1,1
43,Nam,7,1161000.0,3,Kim Cương,1,5,1
37,Nam,2,956000.0,1,Vàng,1,1,1
24,Nữ,2,699000.0,3,Đồng,1,1,0
21,Nữ,2,655000.0,1,Đồng,1,5,0
38,Nữ,2,908000.0,8,Bạc,1,5,1
31,Nam,3,674000.0,8,Đồng,1,3,0
23,Nam,2,874000.0,3,Vàng,1,5,0
21,Nam,2,782000.0,4,Bạc,1,5,1
24,Nam,2,959000.0,3,Vàng,1,5,1
33,Nữ,2,718000.0,9,Bạc,1,3,1
33,Nữ,2,967000.0,3,Vàng,1,3,1
34,Nam,12,1045000.0,3,Vàng,1,1,1
18,Nam,2,848000.0,3,Bạc,1,3,1
45,Nam,2,1036000.0,3,Vàng,1,4,1
24,Nữ,2,727000.0,8,Bạc,1,3,1
29,Nam,4,960000.0,3,Vàng,1,5,0
25,Nam,2,868000.0,3,Vàng,1,1,1
21,Nam,5,1052000.0,3,Vàng,1,5,0
22,Nữ,4,889000.0,9,Bạc,1,3,0
23,Nam,3,726000.0,3,Đồng,1,3,1
28,Nam,2,918000.0,5,Vàng,1,1,1
30,Nữ,2,839000.0,1,Vàng,1,1,1
22,Nam,6,758000.0,7,Bạc,1,1,0
23,Nam,2,791000.0,1,Đồng,1,3,0
21,Nam,3,789000.0,3,Đồng,1,4,0
36,Nam,14,1190000.0,8,Kim Cương,1,5,1
22,Nam,2,723000.0,1,Bạc,1,4,0
33,Nam,2,776000.0,1,Bạc,1,3,0
29,Nữ,2,808000.0,3,Bạc,1,4,1
27,Nam,2,765000.0,1,Bạc,1,1,1
38,Nam,3,1165000.0,2,Kim Cương,1,1,1
36,Nữ,5,789000.0,13,Bạc,1,3,1
44,Nam,5,1034000.0,3,Vàng,1,4,1
32,Nam,3,905000.0,3,Vàng,1,3,1
23,Nữ,2,825000.0,8,Đồng,1,1,1
22,Nữ,2,915000.0,8,Vàng,1,4,1
37,Nam,5,1184000.0,10,Kim Cương,1,3,1
30,Nam,2,890000.0,1,Vàng,1,4,1
37,Nữ,2,926000.0,2,Vàng,1,5,1
26,Nam,2,969000.0,6,Vàng,1,1,0
32,Nam,5,1253000.0,10,Kim Cương,1,3,1
21,Nữ,3,646000.0,3,Đồng,1,4,1
32,Nam,2,857000.0,4,Vàng,1,4,1
30,Nam,2,964000.0,10,Vàng,1,1,1
25,Nam,3,684000.0,3,Bạc,1,1,1
22,Nam,2,772000.0,5,Bạc,1,4,1
31,Nam,2,739000.0,3,Bạc,1,1,1
39,Nam,2,1090000.0,4,Vàng,1,4,1
29,Nam,2,709000.0,3,Bạc,1,3,1
25,Nữ,2,730000.0,2,Bạc,1,4,1
34,Nam,2,837000.0,1,Bạc,1,1,1
24,Nam,2,802000.0,3,Bạc,1,1,1
31,Nam,6,701000.0,1,Bạc,1,3,1
23,Nam,2,711000.0,3,Bạc,1,3,1
26,Nam,2,656000.0,1,Đồng,1,3,0
24,Nữ,2,933000.0,4,Vàng,1,5,0
36,Nam,2,733000.0,1,Bạc,1,1,1
24,Nam,3,679000.0,3,Bạc,1,3,0
31,Nữ,2,793000.0,4,Bạc,1,1,1
24,Nam,3,691000.0,3,Đồng,1,3,1
31,Nữ,2,898000.0,4,Bạc,1,3,1
27,Nam,2,808000.0,5,Bạc,1,3,1
21,Nữ,4,845000.0,11,Vàng,1,5,0
32,Nữ,2,1102000.0,14,Kim Cương,1,3,1
26,Nam,14,1035000.0,15,Kim Cương,1,5,0
36,Nam,2,775000.0,6,Bạc,1,5,1
29,Nam,2,667000.0,8,Đồng,1,3,1
22,Nam,2,860000.0,3,Bạc,1,4,1
21,Nữ,2,660000.0,1,Đồng,1,1,0
23,Nam,2,886000.0,8,Bạc,1,1,1
24,Nam,2,895000.0,5,Vàng,1,3,1
33,Nữ,2,752000.0,1,Bạc,1,1,1
29,Nam,7,1014000.0,3,Vàng,1,4,1
26,Nam,5,886000.0,10,Bạc,1,5,1
32,Nam,3,686000.0,3,Đồng,1,1,1
28,Nữ,2,781000.0,4,Bạc,1,3,0
27,Nữ,2,685000.0,1,Bạc,1,5,1
45,Nữ,5,1248000.0,3,Kim Cương,1,5,1
24,Nữ,2,710000.0,9,Bạc,1,1,1
21,Nam,2,872000.0,1,Đồng,1,5,1
37,Nữ,2,843000.0,3,Bạc,1,3,1
31,Nữ,4,817000.0,12,Vàng,1,1,1
25,Nam,2,692000.0,3,Bạc,1,3,1
31,Nam,2,674000.0,3,Bạc,1,3,0
43,Nữ,5,1220000.0,8,Kim Cương,1,3,1
23,Nữ,2,754000.0,4,Đồng,1,1,1
23,Nam,2,671000.0,1,Bạc,1,1,0
37,Nữ,16,1171000.0,10,Kim Cương,1,5,1
38,Nam,2,683000.0,1,Đồng,1,3,1
27,Nam,2,725000.0,5,Bạc,1,3,1
25,Nam,2,737000.0,1,Đồng,1,5,0
24,Nam,2,832000.0,4,Bạc,1,5,1
31,Nam,2,733000.0,1,Bạc,1,4,1
40,Nữ,3,1196000.0,3,Kim Cương,1,5,1
24,Nam,4,697000.0,4,Bạc,1,5,1
38,Nam,2,1236000.0,4,Kim Cương,1,4,1
30,Nam,2,927000.0,3,Vàng,1,5,1
22,Nữ,2,681000.0,1,Đồng,1,4,0
28,Nữ,2,740000.0,2,Bạc,1,3,1
28,Nam,2,713000.0,8,Bạc,1,3,1
25,Nam,9,722000.0,10,Bạc,1,3,1
36,Nam,14,935000.0,18,Bạc,1,1,1
23,Nam,3,756000.0,3,Bạc,1,1,1
39,Nam,2,816000.0,5,Vàng,1,1,1
35,Nam,2,856000.0,4,Vàng,1,5,1
46,Nam,2,852000.0,10,Bạc,1,1,1
26,Nữ,3,824000.0,3,Bạc,1,4,1
25,Nữ,2,785000.0,8,Bạc,1,3,1
31,Nữ,8,1058000.0,3,Vàng,1,5,1
29,Nam,5,699000.0,11,Bạc,1,1,1
35,Nữ,2,814000.0,4,Vàng,1,4,1
22,Nam,2,783000.0,2,Bạc,1,1,1
22,Nam,6,845000.0,8,Bạc,1,4,1
33,Nữ,2,1092000.0,1,Vàng,1,5,1
29,Nữ,5,912000.0,3,Vàng,1,1,1
24,Nam,7,697000.0,9,Đồng,1,5,1
43,Nữ,2,1006000.0,3,Vàng,1,3,1
37,Nữ,8,674000.0,8,Đồng,1,1,1
22,Nữ,2,849000.0,1,Đồng,1,4,0
25,Nữ,2,760000.0,3,Bạc,1,1,1
40,Nam,2,1194000.0,10,Kim Cương,1,1,1
27,Nam,2,814000.0,2,Vàng,1,5,1
24,Nữ,2,918000.0,9,Vàng,1,5,1
45,Nữ,2,835000.0,6,Bạc,1,1,1
36,Nam,2,1257000.0,8,Kim Cương,1,1,1
43,Nam,2,1224000.0,1,Kim Cương,1,3,1
28,Nam,2,713000.0,8,Bạc,1,4,1
40,Nam,2,662000.0,1,Đồng,1,4,1
22,Nam,2,661000.0,4,Đồng,1,3,1
23,Nam,2,792000.0,1,Vàng,1,1,1
41,Nam,2,1209000.0,1,Kim Cương,1,1,1
21,Nữ,2,1141000.0,8,Kim Cương,1,1,1
27,Nữ,2,753000.0,1,Đồng,1,3,1
34,Nam,4,1208000.0,11,Kim Cương,1,4,1
25,Nam,2,893000.0,9,Vàng,1,3,1
21,Nữ,2,691000.0,2,Bạc,1,1,1
21,Nam,2,784000.0,2,Đồng,1,3,1
22,Nam,2,661000.0,1,Đồng,1,1,0
23,Nam,3,807000.0,3,Bạc,1,1,1
30,Nữ,2,1227000.0,12,Kim Cương,1,4,0
43,Nam,16,1074000.0,1,Kim Cương,1,4,1
22,Nữ,3,799000.0,3,Bạc,1,3,0
37,Nữ,2,1226000.0,9,Kim Cương,1,4,1
26,Nữ,2,740000.0,3,Bạc,1,5,1
42,Nam,12,1410000.0,11,Kim Cương,1,4,1
44,Nam,6,931000.0,3,Vàng,1,1,1
27,Nữ,6,752000.0,11,Bạc,1,4,1
22,Nam,2,649000.0,3,Đồng,1,3,1
37,Nam,15,1239000.0,14,Kim Cương,1,5,1
27,Nam,2,724000.0,9,Bạc,1,4,1
29,Nam,3,737000.0,3,Bạc,1,3,1
36,Nữ,2,731000.0,1,Đồng,1,4,1
37,Nữ,16,952000.0,3,Vàng,1,1,1
30,Nữ,6,753000.0,13,Bạc,1,4,1
27,Nữ,2,835000.0,6,Vàng,1,1,0
24,Nam,3,719000.0,3,Bạc,1,1,1
40,Nữ,8,716000.0,8,Bạc,1,3,1
24,Nữ,2,835000.0,8,Bạc,1,3,1
22,Nữ,8,717000.0,8,Bạc,1,3,0
24,Nam,2,647000.0,3,Đồng,1,5,1
21,Nữ,3,752000.0,2,Đồng,1,4,1
24,Nam,2,839000.0,9,Bạc,1,1,1
37,Nữ,2,1203000.0,1,Kim Cương,1,4,1
31,Nữ,16,1173000.0,3,Kim Cương,1,4,1
49,Nam,3,671000.0,3,Đồng,1,3,1
24,Nam,2,841000.0,2,Bạc,1,3,0
24,Nam,2,735000.0,4,Bạc,1,5,0
24,Nữ,7,743000.0,8,Bạc,1,1,1
32,Nữ,2,822000.0,8,Vàng,1,3,1
36,Nữ,6,705000.0,8,Bạc,1,5,1
23,Nữ,8,794000.0,6,Vàng,1,1,1
41,Nữ,2,1165000.0,3,Kim Cương,1,5,1
24,Nam,2,886000.0,3,Vàng,1,4,0
33,Nam,8,970000.0,3,Vàng,1,4,0
25,Nữ,2,1141000.0,9,Vàng,1,5,1
31,Nam,2,725000.0,8,Bạc,1,3,1
26,Nữ,10,1015000.0,3,Vàng,1,3,1
37,Nam,12,807000.0,10,Bạc,1,4,1
21,Nữ,3,654000.0,3,Đồng,1,4,0
30,Nam,2,671000.0,3,Đồng,1,5,0
33,Nam,3,1197000.0,11,Kim Cương,1,3,1
46,Nữ,10,1239000.0,12,Kim Cương,1,3,1
47,Nam,8,1256000.0,8,Kim Cương,1,4,1
33,Nam,2,768000.0,1,Bạc,1,3,1
28,Nam,2,852000.0,3,Vàng,1,1,1
33,Nam,9,759000.0,9,Bạc,1,1,1
34,Nữ,2,801000.0,8,Bạc,1,5,1
30,Nam,2,716000.0,2,Bạc,1,3,1
42,Nam,2,1029000.0,11,Kim Cương,1,4,1
30,Nữ,2,861000.0,8,Vàng,1,5,1
27,Nữ,10,791000.0,7,Bạc,1,5,1
23,Nam,2,697000.0,3,Bạc,1,1,1
37,Nữ,6,945000.0,3,Vàng,1,5,0
32,Nam,2,821000.0,4,Đồng,1,4,1
29,Nữ,7,803000.0,14,Bạc,1,5,1
38,Nam,2,833000.0,9,Vàng,1,1,1
22,Nữ,2,706000.0,1,Đồng,1,1,1
42,Nữ,2,1076000.0,4,Vàng,1,4,1
19,Nữ,2,692000.0,1,Đồng,1,1,1
29,Nữ,2,767000.0,1,Bạc,1,1,1
23,Nam,2,877000.0,1,Bạc,1,1,1
36,Nam,4,1108000.0,9,Kim Cương,1,3,0
44,Nam,2,1024000.0,10,Vàng,1,4,1
30,Nữ,2,780000.0,1,Đồng,1,3,1
35,Nữ,12,919000.0,9,Vàng,1,3,1
27,Nam,8,784000.0,8,Bạc,1,3,1
23,Nữ,2,714000.0,1,Bạc,1,1,0
21,Nữ,4,833000.0,3,Bạc,1,3,0
31,Nam,2,664000.0,4,Bạc,1,3,1
26,Nữ,5,794000.0,12,Vàng,1,1,1
22,Nam,2,731000.0,5,Bạc,1,5,1
22,Nam,7,838000.0,8,Bạc,1,3,0
32,Nam,2,791000.0,5,Bạc,1,1,1
46,Nam,4,919000.0,3,Vàng,1,4,1
35,Nữ,4,800000.0,4,Bạc,1,1,1
31,Nam,2,736000.0,4,Bạc,1,3,1
26,Nam,2,930000.0,3,Vàng,1,1,1
29,Nam,2,740000.0,3,Bạc,1,4,1
33,Nam,2,1079000.0,6,Vàng,1,3,1
22,Nam,2,779000.0,3,Vàng,1,3,1
41,Nữ,2,1004000.0,3,Vàng,1,3,1
34,Nữ,2,756000.0,9,Bạc,1,3,1
25,Nữ,5,765000.0,5,Bạc,1,1,1
24,Nữ,8,687000.0,8,Đồng,1,3,0
24,Nam,2,720000.0,2,Bạc,1,1,1
34,Nữ,2,1163000.0,10,Kim Cương,1,5,1
42,Nữ,2,704000.0,5,Bạc,1,5,1
30,Nữ,2,801000.0,3,Bạc,1,3,1
28,Nam,3,880000.0,3,Vàng,1,1,1
23,Nam,2,683000.0,3,Bạc,1,1,1
23,Nam,2,709000.0,8,Bạc,1,5,1
24,Nam,2,866000.0,10,Vàng,1,5,1
33,Nam,2,852000.0,4,Bạc,1,5,0
26,Nữ,8,837000.0,8,Vàng,1,1,0
45,Nữ,13,1179000.0,8,Kim Cương,1,1,1
46,Nữ,2,1255000.0,6,Kim Cương,1,5,1
45,Nam,2,1081000.0,1,Kim Cương,1,1,1
25,Nữ,2,952000.0,3,Vàng,1,4,1
24,Nữ,2,638000.0,1,Đồng,1,3,0
24,Nữ,2,778000.0,3,Bạc,1,5,1
25,Nữ,2,1106000.0,1,Kim Cương,1,4,1
26,Nam,2,721000.0,4,Bạc,1,5,1
18,Nữ,2,635000.0,1,Đồng,1,4,0
23,Nam,2,692000.0,5,Đồng,1,5,1
29,Nam,2,841000.0,9,Bạc,1,1,1
31,Nữ,2,791000.0,3,Bạc,1,5,1
38,Nam,2,704000.0,3,Bạc,1,1,1
21,Nam,3,736000.0,3,Bạc,1,5,0
30,Nam,2,737000.0,4,Bạc,1,3,1
47,Nữ,2,811000.0,1,Đồng,1,5,1
40,Nữ,6,1174000.0,7,Kim Cương,1,3,1
22,Nữ,2,728000.0,4,Bạc,1,3,1
23,Nam,2,890000.0,3,Vàng,1,1,1
29,Nữ,2,775000.0,3,Bạc,1,4,1
34,Nam,2,663000.0,4,Đồng,1,3,1
32,Nam,2,707000.0,8,Bạc,1,3,1
28,Nam,2,1030000.0,10,Vàng,1,1,1
30,Nam,5,903000.0,3,Vàng,1,1,0
25,Nữ,2,877000.0,1,Bạc,1,5,0
23,Nữ,5,818000.0,8,Vàng,1,4,0
38,Nam,2,1032000.0,8,Vàng,1,5,1
26,Nữ,2,752000.0,3,Đồng,1,4,1
22,Nam,3,729000.0,3,Bạc,1,1,0
35,Nam,2,985000.0,3,Vàng,1,1,1
37,Nam,3,756000.0,3,Bạc,1,5,1
22,Nữ,3,728000.0,3,Bạc,1,3,0
33,Nam,5,1020000.0,9,Kim Cương,1,4,1
23,Nam,2,956000.0,3,Vàng,1,5,1
36,Nam,2,726000.0,4,Bạc,1,3,1
44,Nam,9,1126000.0,9,Kim Cương,1,4,1
40,Nam,2,838000.0,3,Vàng,1,3,1
32,Nam,2,700000.0,3,Đồng,1,3,1
34,Nam,2,719000.0,4,Bạc,1,4,1
26,Nam,2,765000.0,4,Bạc,1,5,1
28,Nam,4,837000.0,13,Bạc,1,5,1
24,Nam,3,810000.0,3,Bạc,1,3,1
33,Nữ,6,728000.0,9,Bạc,1,1,1
34,Nữ,2,748000.0,1,Bạc,1,3,1
22,Nam,2,651000.0,1,Đồng,1,3,1
45,Nam,3,932000.0,9,Bạc,1,3,1
40,Nam,2,960000.0,3,Vàng,1,4,1
29,Nam,7,1169000.0,10,Kim Cương,1,5,1
21,Nam,2,733000.0,3,Bạc,1,3,0
22,Nữ,2,764000.0,1,Bạc,1,4,0
24,Nữ,11,907000.0,11,Bạc,1,4,0
30,Nam,2,687000.0,1,Đồng,1,3,1
23,Nam,2,682000.0,1,Bạc,1,5,0
24,Nữ,2,675000.0,1,Đồng,1,4,1
34,Nam,3,1012000.0,3,Vàng,1,3,1
24,Nam,2,901000.0,3,Vàng,1,3,1
24,Nam,2,796000.0,4,Đồng,1,3,1
47,Nam,2,784000.0,3,Bạc,1,3,1
27,Nữ,2,703000.0,3,Bạc,1,4,1
37,Nữ,2,817000.0,3,Bạc,1,3,1
23,Nam,2,662000.0,1,Đồng,1,5,0
22,Nam,2,675000.0,1,Đồng,1,3,1
22,Nam,2,782000.0,4,Bạc,1,5,1
41,Nữ,2,943000.0,3,Bạc,1,5,1
24,Nữ,2,712000.0,3,Bạc,1,4,1
23,Nam,2,835000.0,8,Vàng,1,4,1
26,Nam,2,874000.0,1,Vàng,1,3,1
28,Nam,2,1150000.0,1,Vàng,1,1,1
46,Nữ,2,1228000.0,13,Kim Cương,1,1,1
22,Nam,2,686000.0,8,Đồng,1,5,0
36,Nam,15,1132000.0,18,Kim Cương,1,5,1
33,Nữ,3,953000.0,3,Vàng,1,4,1
38,Nữ,6,1126000.0,2,Kim Cương,1,4,1
28,Nữ,4,975000.0,3,Vàng,1,4,1
25,Nam,2,698000.0,3,Đồng,1,3,1
25,Nam,2,690000.0,1,Đồng,1,5,0
26,Nam,9,852000.0,7,Vàng,1,3,1
23,Nữ,8,726000.0,8,Bạc,1,3,0
41,Nam,14,1071000.0,10,Kim Cương,1,1,1
28,Nam,6,864000.0,8,Đồng,1,3,1
33,Nam,2,780000.0,1,Bạc,1,4,1
32,Nam,4,807000.0,8,Bạc,1,1,1
26,Nữ,2,921000.0,3,Vàng,1,5,1
26,Nam,2,748000.0,3,Bạc,1,4,1
37,Nam,2,783000.0,4,Đồng,1,1,1
34,Nam,14,949000.0,3,Vàng,1,1,1
34,Nam,8,770000.0,2,Bạc,1,5,1
26,Nam,6,762000.0,8,Bạc,1,3,1
34,Nam,8,1256000.0,8,Kim Cương,1,1,1
22,Nam,2,698000.0,1,Đồng,1,5,1
34,Nam,3,815000.0,3,Bạc,1,1,1
35,Nam,8,833000.0,8,Vàng,1,4,1
32,Nữ,5,838000.0,3,Đồng,1,3,1
26,Nữ,3,783000.0,6,Bạc,1,4,1
28,Nam,2,815000.0,3,Bạc,1,1,1
40,Nữ,8,831000.0,8,Vàng,1,3,1
24,Nam,2,763000.0,1,Đồng,1,3,1
27,Nam,3,815000.0,3,Vàng,1,5,1
23,Nam,7,891000.0,3,Vàng,1,5,0
33,Nam,2,774000.0,3,Bạc,1,3,1
33,Nam,2,778000.0,3,Đồng,1,5,1
29,Nam,2,891000.0,3,Vàng,1,4,1
24,Nữ,2,661000.0,1,Đồng,1,5,0
37,Nữ,2,980000.0,3,Vàng,1,1,0
26,Nam,2,735000.0,5,Bạc,1,4,0
26,Nam,2,756000.0,3,Bạc,1,5,1
40,Nữ,8,671000.0,7,Đồng,1,5,1
27,Nam,2,705000.0,1,Bạc,1,1,1
43,Nam,3,1252000.0,14,Kim Cương,1,1,1
29,Nam,3,845000.0,2,Bạc,1,1,1
22,Nữ,2,796000.0,1,Đồng,1,1,1
33,Nam,8,898000.0,3,Vàng,1,4,1
30,Nữ,2,729000.0,3,Bạc,1,4,1
33,Nữ,2,828000.0,1,Vàng,1,3,1
23,Nam,2,836000.0,6,Bạc,1,5,1
31,Nữ,2,852000.0,5,Bạc,1,3,1
32,Nam,8,844000.0,7,Vàng,1,3,1
24,Nam,2,983000.0,3,Vàng,1,1,1
38,Nam,2,1244000.0,1,Kim Cương,1,3,1
21,Nam,3,721000.0,3,Đồng,1,3,1
28,Nam,2,788000.0,3,Bạc,1,5,1
33,Nam,2,1253000.0,2,Kim Cương,1,1,1
29,Nam,7,779000.0,9,Bạc,1,3,1
29,Nam,8,787000.0,8,Bạc,1,3,1
32,Nữ,2,788000.0,3,Bạc,1,5,1
36,Nam,2,751000.0,3,Bạc,1,4,1
29,Nam,2,771000.0,2,Bạc,1,1,1
36,Nam,2,1187000.0,13,Kim Cương,1,5,1
24,Nam,2,747000.0,1,Đồng,1,4,0
21,Nữ,2,715000.0,4,Bạc,1,3,1
40,Nam,2,1000000.0,14,Vàng,1,3,1
26,Nữ,2,776000.0,3,Bạc,1,1,1
36,Nữ,2,1235000.0,11,Kim Cương,1,1,1
25,Nam,2,664000.0,2,Đồng,1,4,1
35,Nữ,2,810000.0,5,Bạc,1,5,1
36,Nam,5,780000.0,6,Bạc,1,5,1
26,Nam,2,781000.0,4,Bạc,1,5,1
29,Nữ,2,744000.0,2,Bạc,1,3,1
28,Nam,8,761000.0,3,Bạc,1,1,1
41,Nữ,2,728000.0,5,Bạc,1,5,1
31,Nam,8,782000.0,8,Bạc,1,5,1
23,Nam,2,710000.0,8,Bạc,1,5,1
28,Nam,2,747000.0,11,Bạc,1,5,1
25,Nữ,2,886000.0,1,Bạc,1,5,1
23,Nam,3,785000.0,3,Bạc,1,1,1
23,Nữ,2,645000.0,1,Đồng,1,1,0
41,Nữ,2,1254000.0,1,Kim Cương,1,3,1
33,Nam,2,738000.0,8,Bạc,1,3,1
33,Nữ,15,944000.0,3,Vàng,1,3,1
30,Nữ,3,728000.0,10,Bạc,1,3,1
32,Nam,2,855000.0,3,Bạc,1,3,1
32,Nữ,4,771000.0,9,Bạc,1,3,1
37,Nữ,4,885000.0,10,Bạc,1,1,1
31,Nữ,2,948000.0,3,Vàng,1,3,1
20,Nam,7,1000000.0,3,Vàng,1,5,0
29,Nữ,8,706000.0,8,Bạc,1,4,1
31,Nữ,4,894000.0,4,Vàng,1,1,1
37,Nam,2,764000.0,3,Bạc,1,1,1
41,Nam,3,1276000.0,3,Kim Cương,1,1,1
23,Nam,3,799000.0,3,Bạc,1,1,0
24,Nữ,2,730000.0,4,Bạc,1,1,1
24,Nữ,2,783000.0,3,Bạc,1,3,1
21,Nam,2,693000.0,3,Đồng,1,1,1
22,Nam,2,694000.0,4,Đồng,1,5,0
22,Nam,2,768000.0,5,Bạc,1,3,1
30,Nữ,2,851000.0,3,Vàng,1,5,1
20,Nam,2,837000.0,8,Bạc,1,3,1
32,Nam,2,899000.0,1,Bạc,1,4,1
39,Nữ,2,1180000.0,3,Kim Cương,1,4,1
39,Nữ,2,1065000.0,12,Vàng,1,5,1
27,Nữ,3,789000.0,3,Bạc,1,3,1
27,Nữ,8,769000.0,10,Bạc,1,4,1
29,Nam,2,644000.0,4,Đồng,1,4,1
42,Nữ,3,1147000.0,13,Kim Cương,1,3,1
30,Nữ,2,780000.0,3,Bạc,1,3,1
27,Nam,2,934000.0,5,Vàng,1,5,1
46,Nữ,5,1183000.0,8,Kim Cương,1,3,1
31,Nam,7,1188000.0,12,Kim Cương,1,3,1
24,Nam,7,922000.0,8,Bạc,1,1,0
30,Nam,3,792000.0,10,Bạc,1,1,1
22,Nam,2,744000.0,10,Bạc,1,4,1
27,Nam,2,801000.0,5,Bạc,1,1,1
25,Nam,2,785000.0,7,Bạc,1,4,1
27,Nữ,2,755000.0,3,Bạc,1,1,1
41,Nữ,3,738000.0,3,Đồng,1,5,1
31,Nữ,4,823000.0,4,Đồng,1,4,1
40,Nữ,2,1136000.0,3,Kim Cương,1,4,1
41,Nam,2,1117000.0,1,Kim Cương,1,3,1
36,Nam,2,882000.0,3,Vàng,1,3,1
23,Nam,2,667000.0,3,Bạc,1,5,1
26,Nữ,2,962000.0,3,Bạc,1,1,1
31,Nam,2,796000.0,3,Bạc,1,3,1
35,Nữ,3,787000.0,3,Bạc,1,1,1
23,Nam,2,708000.0,3,Bạc,1,3,0
31,Nữ,2,806000.0,1,Bạc,1,3,1
44,Nam,2,864000.0,3,Vàng,1,1,1
29,Nữ,8,665000.0,8,Bạc,1,3,0
23,Nam,2,640000.0,1,Đồng,1,4,0
24,Nam,6,797000.0,8,Đồng,1,1,1
46,Nam,2,708000.0,3,Bạc,1,4,1
27,Nam,5,753000.0,14,Bạc,1,1,1
45,Nam,2,1063000.0,1,Vàng,1,1,1
27,Nam,3,750000.0,14,Đồng,1,4,1
29,Nam,2,930000.0,3,Vàng,1,1,1
26,Nữ,9,689000.0,8,Bạc,1,1,1
23,Nam,2,803000.0,3,Đồng,1,1,0
38,Nữ,7,952000.0,8,Vàng,1,1,1
28,Nam,2,783000.0,5,Bạc,1,1,1
36,Nam,9,921000.0,9,Vàng,1,1,1
22,Nam,2,796000.0,5,Bạc,1,3,1
35,Nam,9,891000.0,3,Vàng,1,3,1
22,Nữ,2,765000.0,3,Bạc,1,3,1
26,Nữ,7,784000.0,8,Bạc,1,1,1
36,Nam,2,1104000.0,5,Vàng,1,3,1
25,Nam,2,630000.0,1,Đồng,1,3,0
30,Nam,2,994000.0,11,Vàng,1,3,0
24,Nam,2,714000.0,3,Đồng,1,3,1
37,Nữ,9,1160000.0,7,Kim Cương,1,4,1
27,Nam,2,720000.0,4,Bạc,1,3,1
22,Nam,2,736000.0,4,Bạc,1,3,1
33,Nam,2,906000.0,3,Vàng,1,4,1
34,Nữ,2,864000.0,1,Vàng,1,5,1
25,Nam,2,735000.0,3,Bạc,1,5,1
35,Nam,2,803000.0,10,Bạc,1,4,1
29,Nam,2,875000.0,8,Vàng,1,3,1
25,Nam,2,687000.0,9,Bạc,1,1,1
36,Nam,2,739000.0,1,Bạc,1,4,1
40,Nam,2,927000.0,3,Vàng,1,1,1
22,Nam,3,806000.0,3,Bạc,1,5,0
23,Nam,2,856000.0,1,Vàng,1,4,0
25,Nữ,2,715000.0,3,Bạc,1,4,1
25,Nữ,2,883000.0,5,Bạc,1,1,1
32,Nam,6,847000.0,9,Vàng,1,1,1
26,Nam,2,918000.0,3,Vàng,1,3,1
32,Nam,13,1260000.0,9,Kim Cương,1,4,1
32,Nữ,2,1042000.0,3,Vàng,1,3,1
28,Nữ,2,814000.0,8,Bạc,1,5,1
19,Nam,3,694000.0,2,Đồng,1,1,1
23,Nữ,2,650000.0,3,Đồng,1,1,0
24,Nam,2,967000.0,3,Vàng,1,3,1
23,Nữ,2,690000.0,5,Bạc,1,1,1
24,Nữ,3,698000.0,3,Bạc,1,4,0
25,Nam,2,796000.0,3,Vàng,1,3,1
26,Nam,2,808000.0,8,Vàng,1,5,1
27,Nam,2,719000.0,3,Bạc,1,1,1
26,Nữ,2,805000.0,8,Bạc,1,4,1
39,Nữ,2,739000.0,5,Bạc,1,1,1
22,Nữ,2,989000.0,3,Vàng,1,5,0
29,Nữ,2,704000.0,6,Đồng,1,4,1
21,Nam,2,871000.0,1,Vàng,1,3,0
25,Nữ,2,677000.0,1,Đồng,1,5,1
25,Nam,2,824000.0,8,Bạc,1,3,1
27,Nam,2,712000.0,8,Bạc,1,4,1
32,Nam,2,841000.0,1,Bạc,1,1,1
27,Nam,2,733000.0,1,Đồng,1,3,0
33,Nam,2,834000.0,5,Bạc,1,4,1
42,Nam,2,1234000.0,1,Kim Cương,1,5,1
29,Nam,2,738000.0,8,Bạc,1,4,1
33,Nam,2,788000.0,5,Đồng,1,5,1
23,Nam,2,753000.0,8,Bạc,1,3,1
42,Nữ,2,1130000.0,3,Vàng,1,3,1
35,Nam,2,723000.0,9,Bạc,1,1,1
27,Nữ,3,788000.0,3,Bạc,1,1,1
20,Nam,2,696000.0,1,Bạc,1,4,0
30,Nữ,2,698000.0,5,Bạc,1,3,1
24,Nữ,2,747000.0,1,Đồng,1,5,0
27,Nữ,6,800000.0,8,Bạc,1,1,1
42,Nữ,2,1000000.0,3,Vàng,1,3,1
30,Nam,2,759000.0,4,Bạc,1,4,1
35,Nam,3,1243000.0,3,Kim Cương,1,1,1
29,Nam,6,876000.0,8,Vàng,1,5,1
25,Nam,3,670000.0,4,Đồng,1,4,0
31,Nam,5,740000.0,8,Bạc,1,4,1
22,Nam,8,871000.0,8,Bạc,1,1,0
27,Nam,8,801000.0,7,Bạc,1,5,1
24,Nam,2,645000.0,4,Đồng,1,1,1
31,Nam,2,1161000.0,3,Vàng,1,3,1
36,Nam,3,896000.0,3,Vàng,1,4,1
30,Nữ,2,778000.0,3,Bạc,1,5,1
33,Nam,2,862000.0,1,Bạc,1,5,1
29,Nam,2,809000.0,8,Bạc,1,1,1
33,Nam,4,693000.0,9,Đồng,1,4,1
20,Nam,2,841000.0,8,Bạc,1,5,0
21,Nam,2,775000.0,9,Bạc,1,5,0
33,Nam,3,817000.0,3,Bạc,1,1,1
35,Nam,2,688000.0,3,Đồng,1,3,1
32,Nam,2,815000.0,3,Vàng,1,4,1
37,Nữ,14,944000.0,3,Vàng,1,3,1
23,Nữ,2,934000.0,3,Vàng,1,3,1
22,Nữ,2,649000.0,5,Đồng,1,4,0
30,Nữ,4,1031000.0,3,Vàng,1,4,0
33,Nữ,2,878000.0,4,Vàng,1,1,1
27,Nam,5,948000.0,9,Vàng,1,3,1
47,Nam,15,1266000.0,15,Kim Cương,1,4,1
27,Nam,2,742000.0,4,Bạc,1,3,1
37,Nữ,15,926000.0,3,Vàng,1,4,1
32,Nữ,8,737000.0,8,Bạc,1,5,1
47,Nữ,2,859000.0,8,Vàng,1,1,1
25,Nữ,3,933000.0,3,Vàng,1,5,1
21,Nữ,2,905000.0,3,Bạc,1,5,1
33,Nữ,2,888000.0,4,Bạc,1,1,1
24,Nam,2,760000.0,3,Bạc,1,1,1
44,Nam,3,1130000.0,3,Kim Cương,1,3,1
22,Nữ,2,703000.0,1,Đồng,1,3,1
24,Nam,2,765000.0,1,Bạc,1,5,0
23,Nam,3,715000.0,1,Đồng,1,5,0
37,Nữ,6,910000.0,8,Bạc,1,3,1
27,Nữ,2,968000.0,1,Vàng,1,4,1
34,Nam,8,897000.0,8,Bạc,1,1,1
22,Nữ,2,701000.0,3,Đồng,1,1,1
25,Nam,4,732000.0,11,Bạc,1,1,1
28,Nam,2,759000.0,1,Bạc,1,1,1
35,Nam,4,839000.0,4,Bạc,1,3,1
36,Nữ,3,662000.0,1,Đồng,1,3,1
36,Nam,5,899000.0,3,Vàng,1,1,1
23,Nam,3,727000.0,3,Bạc,1,1,1
28,Nam,2,874000.0,7,Vàng,1,3,1
34,Nam,2,737000.0,1,Bạc,1,3,1
22,Nam,3,912000.0,3,Vàng,1,4,0
37,Nữ,2,1018000.0,9,Vàng,1,5,1
23,Nữ,6,843000.0,9,Bạc,1,3,1
23,Nam,2,670000.0,1,Bạc,1,4,1
34,Nữ,7,1246000.0,15,Kim Cương,1,3,1
39,Nam,13,1254000.0,10,Kim Cương,1,4,1
19,Nam,2,853000.0,1,Đồng,1,1,0
27,Nữ,2,964000.0,8,Vàng,1,4,0
24,Nữ,8,853000.0,4,Bạc,1,5,1
35,Nam,3,750000.0,3,Bạc,1,1,1
47,Nam,2,800000.0,5,Bạc,1,1,1
24,Nữ,2,791000.0,1,Bạc,1,4,1
22,Nam,2,645000.0,1,Đồng,1,1,0
21,Nam,2,839000.0,1,Đồng,1,4,0
28,Nữ,2,792000.0,8,Bạc,1,3,1
26,Nam,2,714000.0,3,Bạc,1,3,1
28,Nam,2,921000.0,3,Vàng,1,1,1
23,Nam,2,691000.0,3,Đồng,1,5,1
33,Nam,2,882000.0,5,Bạc,1,5,1
30,Nữ,2,733000.0,3,Bạc,1,4,1
38,Nữ,4,799000.0,9,Bạc,1,1,1
30,Nam,2,854000.0,9,Bạc,1,1,1
37,Nam,12,1163000.0,17,Kim Cương,1,5,1
20,Nữ,2,704000.0,1,Bạc,1,3,1
22,Nữ,2,833000.0,8,Vàng,1,3,1
39,Nữ,5,1175000.0,8,Kim Cương,1,1,1
35,Nam,3,801000.0,3,Bạc,1,5,1
24,Nam,4,834000.0,1,Đồng,1,5,0
38,Nam,2,738000.0,1,Đồng,1,1,0
30,Nam,2,831000.0,4,Bạc,1,4,1
36,Nữ,2,871000.0,5,Bạc,1,4,1
34,Nam,2,1037000.0,8,Vàng,1,5,1
26,Nữ,2,791000.0,5,Vàng,1,1,1
27,Nữ,2,854000.0,2,Vàng,1,1,1
25,Nữ,3,722000.0,3,Bạc,1,3,1
24,Nam,8,766000.0,8,Đồng,1,1,1
33,Nam,2,768000.0,4,Bạc,1,3,1
28,Nam,2,801000.0,10,Bạc,1,3,1
23,Nam,2,814000.0,8,Vàng,1,1,1
22,Nam,2,705000.0,1,Đồng,1,5,0
33,Nữ,2,884000.0,3,Bạc,1,3,1
23,Nam,2,651000.0,3,Đồng,1,4,1
29,Nam,7,824000.0,12,Bạc,1,1,1
23,Nữ,3,895000.0,3,Vàng,1,3,0
39,Nam,2,860000.0,8,Bạc,1,4,1
45,Nữ,2,827000.0,1,Bạc,1,5,1
32,Nam,8,955000.0,10,Bạc,1,5,1
32,Nữ,2,723000.0,8,Đồng,1,4,1
70,Nữ,2,1197000.0,1,Kim Cương,1,1,1
21,Nữ,2,703000.0,4,Đồng,1,3,0
33,Nam,2,853000.0,4,Bạc,1,1,1
40,Nam,5,1238000.0,4,Kim Cương,1,1,1
36,Nam,2,758000.0,1,Bạc,1,1,1
22,Nữ,2,687000.0,1,Bạc,1,4,0
30,Nam,2,833000.0,5,Bạc,1,5,1
25,Nam,2,694000.0,5,Đồng,1,3,1
27,Nam,3,708000.0,4,Bạc,1,5,1
32,Nam,2,835000.0,3,Bạc,1,4,1
28,Nam,3,1046000.0,3,Vàng,1,1,1
29,Nam,2,961000.0,3,Vàng,1,3,1
27,Nam,8,702000.0,7,Bạc,1,5,1
23,Nam,2,767000.0,3,Bạc,1,5,1
27,Nữ,2,898000.0,3,Vàng,1,1,1
24,Nam,9,890000.0,8,Bạc,1,5,1
23,Nam,2,671000.0,4,Đồng,1,1,0
35,Nam,2,716000.0,1,Bạc,1,5,1
32,Nữ,2,747000.0,10,Bạc,1,1,1
24,Nam,2,756000.0,8,Bạc,1,1,1
27,Nam,2,1085000.0,3,Vàng,1,1,1
22,Nam,2,760000.0,9,Bạc,1,1,0
36,Nam,3,944000.0,3,Vàng,1,5,0
42,Nữ,3,673000.0,4,Bạc,1,3,1
26,Nam,3,906000.0,9,Bạc,1,3,1
35,Nam,2,910000.0,10,Vàng,1,3,1
32,Nam,2,676000.0,3,Bạc,1,4,1
48,Nam,2,1253000.0,5,Kim Cương,1,4,1
23,Nữ,2,616000.0,1,Đồng,1,1,1
31,Nam,2,1022000.0,11,Vàng,1,5,1
36,Nam,4,734000.0,8,Bạc,1,3,1
27,Nữ,2,1068000.0,9,Vàng,1,3,1
47,Nữ,2,842000.0,5,Bạc,1,5,1
23,Nam,2,743000.0,3,Bạc,1,3,1
21,Nam,2,695000.0,5,Bạc,1,1,1
31,Nữ,10,782000.0,5,Vàng,1,3,1
30,Nữ,6,807000.0,11,Bạc,1,4,1
23,Nữ,2,695000.0,3,Đồng,1,4,1
23,Nam,2,730000.0,8,Bạc,1,4,1
23,Nam,2,827000.0,3,Bạc,1,3,1
41,Nam,13,1036000.0,3,Vàng,1,3,1
27,Nam,2,659000.0,1,Đồng,1,3,1
31,Nam,6,782000.0,9,Bạc,1,4,1
29,Nam,2,798000.0,3,Bạc,1,3,1
31,Nam,8,750000.0,8,Bạc,1,3,1
35,Nam,2,843000.0,3,Bạc,1,5,1
35,Nam,2,834000.0,1,Bạc,1,1,1
41,Nữ,2,1068000.0,13,Vàng,1,4,1
31,Nam,3,665000.0,3,Bạc,1,3,1
20,Nam,2,703000.0,3,Bạc,1,3,1
27,Nam,2,863000.0,9,Bạc,1,3,1
25,Nữ,9,766000.0,2,Bạc,1,1,1
25,Nữ,5,701000.0,2,Bạc,1,4,1
31,Nam,2,777000.0,1,Đồng,1,1,1
26,Nam,3,698000.0,3,Đồng,1,4,1
32,Nam,2,741000.0,8,Bạc,1,1,1
30,Nữ,2,1018000.0,12,Vàng,1,3,1
27,Nữ,6,1034000.0,3,Vàng,1,1,1
30,Nữ,7,1230000.0,9,Kim Cương,1,1,1
22,Nữ,2,902000.0,5,Bạc,1,3,1
43,Nam,2,751000.0,1,Bạc,1,1,1
39,Nam,2,673000.0,3,Đồng,1,1,1
23,Nam,2,656000.0,3,Đồng,1,5,1
34,Nam,2,1247000.0,4,Kim Cương,1,1,1
24,Nam,2,757000.0,1,Đồng,1,5,0
29,Nữ,4,945000.0,5,Vàng,1,1,1
30,Nữ,2,774000.0,3,Bạc,1,4,1
45,Nam,2,932000.0,10,Vàng,1,3,1
22,Nam,3,778000.0,3,Bạc,1,1,0
37,Nam,5,1229000.0,15,Kim Cương,1,3,1
41,Nam,10,655000.0,9,Đồng,1,3,0
33,Nữ,2,1194000.0,11,Kim Cương,1,4,1
23,Nữ,2,945000.0,8,Vàng,1,3,1
32,Nam,12,948000.0,12,Bạc,1,1,1
34,Nam,2,866000.0,3,Vàng,1,4,1
25,Nam,2,703000.0,3,Đồng,1,5,1
30,Nữ,2,938000.0,3,Vàng,1,1,1
30,Nữ,2,751000.0,10,Bạc,1,1,1
30,Nam,2,810000.0,2,Vàng,1,3,0
29,Nữ,2,823000.0,1,Vàng,1,1,1
38,Nữ,2,795000.0,2,Bạc,1,3,1
35,Nam,3,715000.0,3,Bạc,1,3,1
30,Nam,2,807000.0,3,Bạc,1,3,1
33,Nữ,2,689000.0,3,Đồng,1,3,1
30,Nữ,2,690000.0,2,Bạc,1,1,1
25,Nam,2,739000.0,4,Bạc,1,4,1
24,Nữ,2,746000.0,5,Bạc,1,5,1
32,Nam,2,957000.0,1,Vàng,1,5,0
33,Nữ,2,965000.0,7,Vàng,1,1,1
26,Nam,2,1018000.0,3,Vàng,1,5,1
21,Nữ,2,780000.0,1,Bạc,1,3,1
31,Nam,2,752000.0,4,Đồng,1,1,1
32,Nam,2,960000.0,3,Vàng,1,5,1
23,Nam,2,912000.0,4,Bạc,1,4,1
39,Nam,2,797000.0,9,Bạc,1,4,1
26,Nam,2,736000.0,3,Bạc,1,3,1
